staff_id,hospital_id,home_department_id,staff_role_id,staff_category,employment_type,fte_value,employment_start_date,employment_end_date,active_flag,source_primary_key,source_row_number,processing_run_id,validation_run_id,transformation_version,processed_datetime
STAFF-0001,HOSP-001,DEPT-ADM,ROLE-PEO,Administrative,Contract,1.0,2024-04-12,,True,STAFF-0001,1,PROC-226787338905,VAL-C62B370EC6C3,2D-2.1.0,2026-07-25T22:46:24.975563
STAFF-0002,HOSP-001,DEPT-DIAG,ROLE-HCA,Support,Full-Time,1.0,2024-03-24,,True,STAFF-0002,2,PROC-226787338905,VAL-C62B370EC6C3,2D-2.1.0,2026-07-25T22:46:24.975563
STAFF-0003,HOSP-001,DEPT-ED,ROLE-AMO,Doctor,Part-Time,0.6,2023-09-15,,True,STAFF-0003,3,PROC-226787338905,VAL-C62B370EC6C3,2D-2.1.0,2026-07-25T22:46:24.975563
STAFF-0004,HOSP-001,DEPT-ED,ROLE-RN,Nurse,Full-Time,1.0,2023-07-07,,True,STAFF-0004,4,PROC-226787338905,VAL-C62B370EC6C3,2D-2.1.0,2026-07-25T22:46:24.975563
STAFF-0005,HOSP-001,DEPT-ED,ROLE-MO,Doctor,Full-Time,1.0,2024-06-08,,True,STAFF-0005,5,PROC-226787338905,VAL-C62B370EC6C3,2D-2.1.0,2026-07-25T22:46:24.975563
STAFF-0006,HOSP-001,DEPT-MED,ROLE-ED-PHY,Doctor,Part-Time,0.6,2023-01-07,,True,STAFF-0006,6,PROC-226787338905,VAL-C62B370EC6C3,2D-2.1.0,2026-07-25T22:46:24.975563
STAFF-0007,HOSP-001,DEPT-ICU,ROLE-PEO,Administrative,Full-Time,1.0,2023-07-01,,True,STAFF-0007,7,PROC-226787338905,VAL-C62B370EC6C3,2D-2.1.0,2026-07-25T22:46:24.975563
STAFF-0008,HOSP-001,DEPT-ED,ROLE-RAD,Allied Health,Contract,0.75,2024-03-22,,True,STAFF-0008,8,PROC-226787338905,VAL-C62B370EC6C3,2D-2.1.0,2026-07-25T22:46:24.975563
STAFF-0009,HOSP-001,DEPT-ICU,ROLE-MO,Doctor,Contract,0.75,2023-01-18,,True,STAFF-0009,9,PROC-226787338905,VAL-C62B370EC6C3,2D-2.1.0,2026-07-25T22:46:24.975563
STAFF-0010,HOSP-001,DEPT-ICU,ROLE-RN,Nurse,Full-Time,1.0,2023-01-23,,True,STAFF-0010,10,PROC-226787338905,VAL-C62B370EC6C3,2D-2.1.0,2026-07-25T22:46:24.975563
STAFF-0011,HOSP-001,DEPT-ICU,ROLE-RAD,Allied Health,Contract,1.0,2024-07-14,,True,STAFF-0011,11,PROC-226787338905,VAL-C62B370EC6C3,2D-2.1.0,2026-07-25T22:46:24.975563
STAFF-0012,HOSP-001,DEPT-OPC,ROLE-ED-PHY,Doctor,Part-Time,0.5,2023-04-01,,True,STAFF-0012,12,PROC-226787338905,VAL-C62B370EC6C3,2D-2.1.0,2026-07-25T22:46:24.975563
STAFF-0013,HOSP-001,DEPT-ADM,ROLE-PHARM,Allied Health,Full-Time,1.0,2024-03-10,,True,STAFF-0013,13,PROC-226787338905,VAL-C62B370EC6C3,2D-2.1.0,2026-07-25T22:46:24.975563
STAFF-0014,HOSP-001,DEPT-MED,ROLE-ED-PHY,Doctor,Full-Time,1.0,2023-09-16,,True,STAFF-0014,14,PROC-226787338905,VAL-C62B370EC6C3,2D-2.1.0,2026-07-25T22:46:24.975563
STAFF-0015,HOSP-001,DEPT-MED,ROLE-ED-PHY,Doctor,Contract,0.75,2024-10-29,,True,STAFF-0015,15,PROC-226787338905,VAL-C62B370EC6C3,2D-2.1.0,2026-07-25T22:46:24.975563
STAFF-0016,HOSP-001,DEPT-ADM,ROLE-RN,Nurse,Full-Time,1.0,2024-03-05,,True,STAFF-0016,16,PROC-226787338905,VAL-C62B370EC6C3,2D-2.1.0,2026-07-25T22:46:24.975563
STAFF-0017,HOSP-001,DEPT-MED,ROLE-MO,Doctor,Part-Time,0.6,2024-04-18,,True,STAFF-0017,17,PROC-226787338905,VAL-C62B370EC6C3,2D-2.1.0,2026-07-25T22:46:24.975563
STAFF-0018,HOSP-001,DEPT-ADM,ROLE-ED-PHY,Doctor,Contract,1.0,2023-11-04,,True,STAFF-0018,18,PROC-226787338905,VAL-C62B370EC6C3,2D-2.1.0,2026-07-25T22:46:24.975563
STAFF-0019,HOSP-001,DEPT-ED,ROLE-AMO,Doctor,Contract,0.75,2024-07-06,,True,STAFF-0019,19,PROC-226787338905,VAL-C62B370EC6C3,2D-2.1.0,2026-07-25T22:46:24.975563
STAFF-0020,HOSP-001,DEPT-SURG,ROLE-PEO,Administrative,Full-Time,1.0,2023-03-21,,True,STAFF-0020,20,PROC-226787338905,VAL-C62B370EC6C3,2D-2.1.0,2026-07-25T22:46:24.975563
STAFF-0021,HOSP-001,DEPT-DIAG,ROLE-AMO,Doctor,Part-Time,0.6,2024-04-02,,True,STAFF-0021,21,PROC-226787338905,VAL-C62B370EC6C3,2D-2.1.0,2026-07-25T22:46:24.975563
STAFF-0022,HOSP-001,DEPT-SURG,ROLE-RAD,Allied Health,Part-Time,0.5,2023-11-06,,True,STAFF-0022,22,PROC-226787338905,VAL-C62B370EC6C3,2D-2.1.0,2026-07-25T22:46:24.975563
STAFF-0023,HOSP-001,DEPT-MED,ROLE-MO,Doctor,Part-Time,0.6,2023-11-04,,True,STAFF-0023,23,PROC-226787338905,VAL-C62B370EC6C3,2D-2.1.0,2026-07-25T22:46:24.975563
STAFF-0024,HOSP-001,DEPT-OPC,ROLE-PHARM,Allied Health,Full-Time,1.0,2024-04-06,,True,STAFF-0024,24,PROC-226787338905,VAL-C62B370EC6C3,2D-2.1.0,2026-07-25T22:46:24.975563
STAFF-0025,HOSP-001,DEPT-ED,ROLE-MO,Doctor,Full-Time,1.0,2023-05-30,,True,STAFF-0025,25,PROC-226787338905,VAL-C62B370EC6C3,2D-2.1.0,2026-07-25T22:46:24.975563
STAFF-0026,HOSP-001,DEPT-ADM,ROLE-MO,Doctor,Full-Time,1.0,2023-04-05,,True,STAFF-0026,26,PROC-226787338905,VAL-C62B370EC6C3,2D-2.1.0,2026-07-25T22:46:24.975563
STAFF-0027,HOSP-001,DEPT-MED,ROLE-PHARM,Allied Health,Full-Time,1.0,2023-09-08,,True,STAFF-0027,27,PROC-226787338905,VAL-C62B370EC6C3,2D-2.1.0,2026-07-25T22:46:24.975563
STAFF-0028,HOSP-001,DEPT-MED,ROLE-PEO,Administrative,Contract,0.5,2024-01-26,,True,STAFF-0028,28,PROC-226787338905,VAL-C62B370EC6C3,2D-2.1.0,2026-07-25T22:46:24.975563
STAFF-0029,HOSP-001,DEPT-ICU,ROLE-AMO,Doctor,Full-Time,1.0,2023-10-16,,True,STAFF-0029,29,PROC-226787338905,VAL-C62B370EC6C3,2D-2.1.0,2026-07-25T22:46:24.975563
STAFF-0030,HOSP-001,DEPT-ICU,ROLE-HCA,Support,Contract,0.5,2024-10-28,,True,STAFF-0030,30,PROC-226787338905,VAL-C62B370EC6C3,2D-2.1.0,2026-07-25T22:46:24.975563
STAFF-0031,HOSP-001,DEPT-PEX,ROLE-ED-PHY,Doctor,Part-Time,0.6,2023-03-21,,True,STAFF-0031,31,PROC-226787338905,VAL-C62B370EC6C3,2D-2.1.0,2026-07-25T22:46:24.975563
STAFF-0032,HOSP-001,DEPT-PEX,ROLE-RAD,Allied Health,Full-Time,1.0,2024-03-25,,True,STAFF-0032,32,PROC-226787338905,VAL-C62B370EC6C3,2D-2.1.0,2026-07-25T22:46:24.975563
STAFF-0033,HOSP-001,DEPT-ADM,ROLE-RN,Nurse,Full-Time,1.0,2024-01-26,,True,STAFF-0033,33,PROC-226787338905,VAL-C62B370EC6C3,2D-2.1.0,2026-07-25T22:46:24.975563
STAFF-0034,HOSP-001,DEPT-ADM,ROLE-AMO,Doctor,Full-Time,1.0,2023-04-18,,True,STAFF-0034,34,PROC-226787338905,VAL-C62B370EC6C3,2D-2.1.0,2026-07-25T22:46:24.975563
STAFF-0035,HOSP-001,DEPT-DIAG,ROLE-REG,Administrative,Full-Time,1.0,2024-06-25,,True,STAFF-0035,35,PROC-226787338905,VAL-C62B370EC6C3,2D-2.1.0,2026-07-25T22:46:24.975563
STAFF-0036,HOSP-001,DEPT-OPC,ROLE-ED-PHY,Doctor,Part-Time,0.5,2023-10-28,,True,STAFF-0036,36,PROC-226787338905,VAL-C62B370EC6C3,2D-2.1.0,2026-07-25T22:46:24.975563
STAFF-0037,HOSP-001,DEPT-MED,ROLE-REG,Administrative,Full-Time,1.0,2023-10-21,,True,STAFF-0037,37,PROC-226787338905,VAL-C62B370EC6C3,2D-2.1.0,2026-07-25T22:46:24.975563
STAFF-0038,HOSP-001,DEPT-ADM,ROLE-AMO,Doctor,Part-Time,0.5,2023-02-06,,True,STAFF-0038,38,PROC-226787338905,VAL-C62B370EC6C3,2D-2.1.0,2026-07-25T22:46:24.975563
STAFF-0039,HOSP-001,DEPT-MED,ROLE-AMO,Doctor,Full-Time,1.0,2024-10-06,,True,STAFF-0039,39,PROC-226787338905,VAL-C62B370EC6C3,2D-2.1.0,2026-07-25T22:46:24.975563
STAFF-0040,HOSP-001,DEPT-PEX,ROLE-PHARM,Allied Health,Full-Time,1.0,2024-05-21,,True,STAFF-0040,40,PROC-226787338905,VAL-C62B370EC6C3,2D-2.1.0,2026-07-25T22:46:24.975563
STAFF-0041,HOSP-001,DEPT-PEX,ROLE-AMO,Doctor,Full-Time,1.0,2024-06-01,,True,STAFF-0041,41,PROC-226787338905,VAL-C62B370EC6C3,2D-2.1.0,2026-07-25T22:46:24.975563
STAFF-0042,HOSP-001,DEPT-ADM,ROLE-RAD,Allied Health,Full-Time,1.0,2023-12-04,,True,STAFF-0042,42,PROC-226787338905,VAL-C62B370EC6C3,2D-2.1.0,2026-07-25T22:46:24.975563
STAFF-0043,HOSP-001,DEPT-PEX,ROLE-PEO,Administrative,Full-Time,1.0,2023-03-20,,True,STAFF-0043,43,PROC-226787338905,VAL-C62B370EC6C3,2D-2.1.0,2026-07-25T22:46:24.975563
STAFF-0044,HOSP-001,DEPT-MED,ROLE-PEO,Administrative,Full-Time,1.0,2024-11-17,,True,STAFF-0044,44,PROC-226787338905,VAL-C62B370EC6C3,2D-2.1.0,2026-07-25T22:46:24.975563
STAFF-0045,HOSP-001,DEPT-ED,ROLE-AMO,Doctor,Full-Time,1.0,2024-05-17,,True,STAFF-0045,45,PROC-226787338905,VAL-C62B370EC6C3,2D-2.1.0,2026-07-25T22:46:24.975563
STAFF-0046,HOSP-001,DEPT-DIAG,ROLE-MO,Doctor,Full-Time,1.0,2024-11-09,,True,STAFF-0046,46,PROC-226787338905,VAL-C62B370EC6C3,2D-2.1.0,2026-07-25T22:46:24.975563
STAFF-0047,HOSP-001,DEPT-SURG,ROLE-PHARM,Allied Health,Full-Time,1.0,2023-02-21,,True,STAFF-0047,47,PROC-226787338905,VAL-C62B370EC6C3,2D-2.1.0,2026-07-25T22:46:24.975563
STAFF-0048,HOSP-001,DEPT-ED,ROLE-ED-PHY,Doctor,Full-Time,1.0,2024-01-08,,True,STAFF-0048,48,PROC-226787338905,VAL-C62B370EC6C3,2D-2.1.0,2026-07-25T22:46:24.975563
STAFF-0049,HOSP-001,DEPT-MED,ROLE-PHARM,Allied Health,Full-Time,1.0,2023-08-12,,True,STAFF-0049,49,PROC-226787338905,VAL-C62B370EC6C3,2D-2.1.0,2026-07-25T22:46:24.975563
STAFF-0050,HOSP-001,DEPT-ADM,ROLE-PEO,Administrative,Full-Time,1.0,2024-03-19,,True,STAFF-0050,50,PROC-226787338905,VAL-C62B370EC6C3,2D-2.1.0,2026-07-25T22:46:24.975563
STAFF-0051,HOSP-001,DEPT-DIAG,ROLE-PEO,Administrative,Contract,0.5,2024-06-14,,True,STAFF-0051,51,PROC-226787338905,VAL-C62B370EC6C3,2D-2.1.0,2026-07-25T22:46:24.975563
STAFF-0052,HOSP-001,DEPT-ADM,ROLE-RN,Nurse,Contract,1.0,2024-09-13,,True,STAFF-0052,52,PROC-226787338905,VAL-C62B370EC6C3,2D-2.1.0,2026-07-25T22:46:24.975563
STAFF-0053,HOSP-001,DEPT-PEX,ROLE-REG,Administrative,Full-Time,1.0,2023-01-28,,True,STAFF-0053,53,PROC-226787338905,VAL-C62B370EC6C3,2D-2.1.0,2026-07-25T22:46:24.975563
STAFF-0054,HOSP-001,DEPT-DIAG,ROLE-REG,Administrative,Full-Time,1.0,2023-03-20,,True,STAFF-0054,54,PROC-226787338905,VAL-C62B370EC6C3,2D-2.1.0,2026-07-25T22:46:24.975563
STAFF-0055,HOSP-001,DEPT-PEX,ROLE-RN,Nurse,Contract,1.0,2023-05-28,,True,STAFF-0055,55,PROC-226787338905,VAL-C62B370EC6C3,2D-2.1.0,2026-07-25T22:46:24.975563
STAFF-0056,HOSP-001,DEPT-OPC,ROLE-HCA,Support,Full-Time,1.0,2023-05-07,,True,STAFF-0056,56,PROC-226787338905,VAL-C62B370EC6C3,2D-2.1.0,2026-07-25T22:46:24.975563
STAFF-0057,HOSP-001,DEPT-ADM,ROLE-ED-PHY,Doctor,Full-Time,1.0,2023-04-17,,True,STAFF-0057,57,PROC-226787338905,VAL-C62B370EC6C3,2D-2.1.0,2026-07-25T22:46:24.975563
STAFF-0058,HOSP-001,DEPT-DIAG,ROLE-HCA,Support,Full-Time,1.0,2024-12-31,,True,STAFF-0058,58,PROC-226787338905,VAL-C62B370EC6C3,2D-2.1.0,2026-07-25T22:46:24.975563
STAFF-0059,HOSP-001,DEPT-ICU,ROLE-REG,Administrative,Full-Time,1.0,2024-04-14,,True,STAFF-0059,59,PROC-226787338905,VAL-C62B370EC6C3,2D-2.1.0,2026-07-25T22:46:24.975563
STAFF-0060,HOSP-001,DEPT-DIAG,ROLE-RAD,Allied Health,Contract,0.75,2024-05-26,,True,STAFF-0060,60,PROC-226787338905,VAL-C62B370EC6C3,2D-2.1.0,2026-07-25T22:46:24.975563
STAFF-0061,HOSP-001,DEPT-PEX,ROLE-REG,Administrative,Part-Time,0.5,2024-06-29,,True,STAFF-0061,61,PROC-226787338905,VAL-C62B370EC6C3,2D-2.1.0,2026-07-25T22:46:24.975563
STAFF-0062,HOSP-001,DEPT-MED,ROLE-RAD,Allied Health,Full-Time,1.0,2024-11-02,,True,STAFF-0062,62,PROC-226787338905,VAL-C62B370EC6C3,2D-2.1.0,2026-07-25T22:46:24.975563
STAFF-0063,HOSP-001,DEPT-ED,ROLE-PHARM,Allied Health,Part-Time,0.5,2024-05-25,,True,STAFF-0063,63,PROC-226787338905,VAL-C62B370EC6C3,2D-2.1.0,2026-07-25T22:46:24.975563
STAFF-0064,HOSP-001,DEPT-OPC,ROLE-HCA,Support,Part-Time,0.6,2023-09-04,,True,STAFF-0064,64,PROC-226787338905,VAL-C62B370EC6C3,2D-2.1.0,2026-07-25T22:46:24.975563
STAFF-0065,HOSP-001,DEPT-MED,ROLE-MO,Doctor,Contract,0.5,2024-02-15,,True,STAFF-0065,65,PROC-226787338905,VAL-C62B370EC6C3,2D-2.1.0,2026-07-25T22:46:24.975563
STAFF-0066,HOSP-001,DEPT-DIAG,ROLE-RAD,Allied Health,Full-Time,1.0,2023-12-11,,True,STAFF-0066,66,PROC-226787338905,VAL-C62B370EC6C3,2D-2.1.0,2026-07-25T22:46:24.975563
STAFF-0067,HOSP-001,DEPT-ADM,ROLE-HCA,Support,Full-Time,1.0,2024-09-22,,True,STAFF-0067,67,PROC-226787338905,VAL-C62B370EC6C3,2D-2.1.0,2026-07-25T22:46:24.975563
STAFF-0068,HOSP-001,DEPT-PEX,ROLE-AMO,Doctor,Part-Time,0.6,2024-12-21,,True,STAFF-0068,68,PROC-226787338905,VAL-C62B370EC6C3,2D-2.1.0,2026-07-25T22:46:24.975563
STAFF-0069,HOSP-001,DEPT-ADM,ROLE-RN,Nurse,Part-Time,0.6,2023-10-23,,True,STAFF-0069,69,PROC-226787338905,VAL-C62B370EC6C3,2D-2.1.0,2026-07-25T22:46:24.975563
STAFF-0070,HOSP-001,DEPT-ADM,ROLE-REG,Administrative,Contract,0.5,2023-03-05,,True,STAFF-0070,70,PROC-226787338905,VAL-C62B370EC6C3,2D-2.1.0,2026-07-25T22:46:24.975563
STAFF-0071,HOSP-001,DEPT-OPC,ROLE-ED-PHY,Doctor,Contract,1.0,2023-05-24,,True,STAFF-0071,71,PROC-226787338905,VAL-C62B370EC6C3,2D-2.1.0,2026-07-25T22:46:24.975563
STAFF-0072,HOSP-001,DEPT-DIAG,ROLE-ED-PHY,Doctor,Part-Time,0.5,2024-09-17,,True,STAFF-0072,72,PROC-226787338905,VAL-C62B370EC6C3,2D-2.1.0,2026-07-25T22:46:24.975563
STAFF-0073,HOSP-001,DEPT-OPC,ROLE-AMO,Doctor,Full-Time,1.0,2023-06-28,,True,STAFF-0073,73,PROC-226787338905,VAL-C62B370EC6C3,2D-2.1.0,2026-07-25T22:46:24.975563
STAFF-0074,HOSP-001,DEPT-ICU,ROLE-RAD,Allied Health,Part-Time,0.5,2024-06-06,,True,STAFF-0074,74,PROC-226787338905,VAL-C62B370EC6C3,2D-2.1.0,2026-07-25T22:46:24.975563
STAFF-0075,HOSP-001,DEPT-PEX,ROLE-RAD,Allied Health,Full-Time,1.0,2023-03-26,,True,STAFF-0075,75,PROC-226787338905,VAL-C62B370EC6C3,2D-2.1.0,2026-07-25T22:46:24.975563
STAFF-0076,HOSP-001,DEPT-ED,ROLE-REG,Administrative,Full-Time,1.0,2023-08-13,,True,STAFF-0076,76,PROC-226787338905,VAL-C62B370EC6C3,2D-2.1.0,2026-07-25T22:46:24.975563
STAFF-0077,HOSP-001,DEPT-OPC,ROLE-HCA,Support,Full-Time,1.0,2024-10-18,,True,STAFF-0077,77,PROC-226787338905,VAL-C62B370EC6C3,2D-2.1.0,2026-07-25T22:46:24.975563
STAFF-0078,HOSP-001,DEPT-ED,ROLE-MO,Doctor,Full-Time,1.0,2024-09-28,,True,STAFF-0078,78,PROC-226787338905,VAL-C62B370EC6C3,2D-2.1.0,2026-07-25T22:46:24.975563
STAFF-0079,HOSP-001,DEPT-SURG,ROLE-PEO,Administrative,Full-Time,1.0,2023-04-01,,True,STAFF-0079,79,PROC-226787338905,VAL-C62B370EC6C3,2D-2.1.0,2026-07-25T22:46:24.975563
STAFF-0080,HOSP-001,DEPT-OPC,ROLE-RN,Nurse,Full-Time,1.0,2024-09-19,,True,STAFF-0080,80,PROC-226787338905,VAL-C62B370EC6C3,2D-2.1.0,2026-07-25T22:46:24.975563
STAFF-0081,HOSP-001,DEPT-DIAG,ROLE-PHARM,Allied Health,Part-Time,0.6,2024-11-15,,True,STAFF-0081,81,PROC-226787338905,VAL-C62B370EC6C3,2D-2.1.0,2026-07-25T22:46:24.975563
STAFF-0082,HOSP-001,DEPT-DIAG,ROLE-RAD,Allied Health,Contract,0.5,2024-02-15,,True,STAFF-0082,82,PROC-226787338905,VAL-C62B370EC6C3,2D-2.1.0,2026-07-25T22:46:24.975563
STAFF-0083,HOSP-001,DEPT-SURG,ROLE-ED-PHY,Doctor,Full-Time,1.0,2024-03-17,,True,STAFF-0083,83,PROC-226787338905,VAL-C62B370EC6C3,2D-2.1.0,2026-07-25T22:46:24.975563
STAFF-0084,HOSP-001,DEPT-ED,ROLE-HCA,Support,Full-Time,1.0,2024-06-19,,True,STAFF-0084,84,PROC-226787338905,VAL-C62B370EC6C3,2D-2.1.0,2026-07-25T22:46:24.975563
STAFF-0085,HOSP-001,DEPT-ICU,ROLE-RAD,Allied Health,Full-Time,1.0,2024-06-14,,True,STAFF-0085,85,PROC-226787338905,VAL-C62B370EC6C3,2D-2.1.0,2026-07-25T22:46:24.975563
STAFF-0086,HOSP-001,DEPT-DIAG,ROLE-MO,Doctor,Part-Time,0.5,2023-03-07,,True,STAFF-0086,86,PROC-226787338905,VAL-C62B370EC6C3,2D-2.1.0,2026-07-25T22:46:24.975563
STAFF-0087,HOSP-001,DEPT-ICU,ROLE-MO,Doctor,Full-Time,1.0,2024-06-27,,True,STAFF-0087,87,PROC-226787338905,VAL-C62B370EC6C3,2D-2.1.0,2026-07-25T22:46:24.975563
STAFF-0088,HOSP-001,DEPT-OPC,ROLE-ED-PHY,Doctor,Part-Time,0.6,2023-12-15,,True,STAFF-0088,88,PROC-226787338905,VAL-C62B370EC6C3,2D-2.1.0,2026-07-25T22:46:24.975563
STAFF-0089,HOSP-001,DEPT-DIAG,ROLE-PEO,Administrative,Full-Time,1.0,2024-08-04,,True,STAFF-0089,89,PROC-226787338905,VAL-C62B370EC6C3,2D-2.1.0,2026-07-25T22:46:24.975563
STAFF-0090,HOSP-001,DEPT-ICU,ROLE-RAD,Allied Health,Part-Time,0.6,2023-07-13,,True,STAFF-0090,90,PROC-226787338905,VAL-C62B370EC6C3,2D-2.1.0,2026-07-25T22:46:24.975563
STAFF-0091,HOSP-001,DEPT-ICU,ROLE-RAD,Allied Health,Full-Time,1.0,2024-09-13,,True,STAFF-0091,91,PROC-226787338905,VAL-C62B370EC6C3,2D-2.1.0,2026-07-25T22:46:24.975563
STAFF-0092,HOSP-001,DEPT-SURG,ROLE-MO,Doctor,Full-Time,1.0,2023-04-06,,True,STAFF-0092,92,PROC-226787338905,VAL-C62B370EC6C3,2D-2.1.0,2026-07-25T22:46:24.975563
STAFF-0093,HOSP-001,DEPT-ED,ROLE-AMO,Doctor,Full-Time,1.0,2024-11-18,,True,STAFF-0093,93,PROC-226787338905,VAL-C62B370EC6C3,2D-2.1.0,2026-07-25T22:46:24.975563
STAFF-0094,HOSP-001,DEPT-MED,ROLE-AMO,Doctor,Full-Time,1.0,2023-08-11,,True,STAFF-0094,94,PROC-226787338905,VAL-C62B370EC6C3,2D-2.1.0,2026-07-25T22:46:24.975563
STAFF-0095,HOSP-001,DEPT-SURG,ROLE-RAD,Allied Health,Full-Time,1.0,2024-08-29,,True,STAFF-0095,95,PROC-226787338905,VAL-C62B370EC6C3,2D-2.1.0,2026-07-25T22:46:24.975563
STAFF-0096,HOSP-001,DEPT-DIAG,ROLE-PEO,Administrative,Full-Time,1.0,2024-06-28,,True,STAFF-0096,96,PROC-226787338905,VAL-C62B370EC6C3,2D-2.1.0,2026-07-25T22:46:24.975563
STAFF-0097,HOSP-001,DEPT-ADM,ROLE-HCA,Support,Part-Time,0.5,2023-11-22,,True,STAFF-0097,97,PROC-226787338905,VAL-C62B370EC6C3,2D-2.1.0,2026-07-25T22:46:24.975563
STAFF-0098,HOSP-001,DEPT-ADM,ROLE-MO,Doctor,Contract,0.75,2024-08-06,,True,STAFF-0098,98,PROC-226787338905,VAL-C62B370EC6C3,2D-2.1.0,2026-07-25T22:46:24.975563
STAFF-0099,HOSP-001,DEPT-OPC,ROLE-REG,Administrative,Part-Time,0.6,2024-12-13,,True,STAFF-0099,99,PROC-226787338905,VAL-C62B370EC6C3,2D-2.1.0,2026-07-25T22:46:24.975563
STAFF-0100,HOSP-001,DEPT-SURG,ROLE-MO,Doctor,Full-Time,1.0,2024-11-23,,True,STAFF-0100,100,PROC-226787338905,VAL-C62B370EC6C3,2D-2.1.0,2026-07-25T22:46:24.975563
STAFF-0101,HOSP-001,DEPT-MED,ROLE-RN,Nurse,Part-Time,0.5,2023-06-24,,True,STAFF-0101,101,PROC-226787338905,VAL-C62B370EC6C3,2D-2.1.0,2026-07-25T22:46:24.975563
STAFF-0102,HOSP-001,DEPT-OPC,ROLE-PHARM,Allied Health,Full-Time,1.0,2024-09-08,,True,STAFF-0102,102,PROC-226787338905,VAL-C62B370EC6C3,2D-2.1.0,2026-07-25T22:46:24.975563
STAFF-0103,HOSP-001,DEPT-ADM,ROLE-ED-PHY,Doctor,Full-Time,1.0,2023-04-16,,True,STAFF-0103,103,PROC-226787338905,VAL-C62B370EC6C3,2D-2.1.0,2026-07-25T22:46:24.975563
STAFF-0104,HOSP-001,DEPT-ADM,ROLE-RN,Nurse,Full-Time,1.0,2024-12-18,,True,STAFF-0104,104,PROC-226787338905,VAL-C62B370EC6C3,2D-2.1.0,2026-07-25T22:46:24.975563
STAFF-0105,HOSP-001,DEPT-SURG,ROLE-PHARM,Allied Health,Full-Time,1.0,2023-07-31,,True,STAFF-0105,105,PROC-226787338905,VAL-C62B370EC6C3,2D-2.1.0,2026-07-25T22:46:24.975563
STAFF-0106,HOSP-001,DEPT-MED,ROLE-ED-PHY,Doctor,Full-Time,1.0,2024-04-18,,True,STAFF-0106,106,PROC-226787338905,VAL-C62B370EC6C3,2D-2.1.0,2026-07-25T22:46:24.975563
STAFF-0107,HOSP-001,DEPT-ED,ROLE-MO,Doctor,Full-Time,1.0,2023-12-09,,True,STAFF-0107,107,PROC-226787338905,VAL-C62B370EC6C3,2D-2.1.0,2026-07-25T22:46:24.975563
STAFF-0108,HOSP-001,DEPT-MED,ROLE-RN,Nurse,Part-Time,0.5,2024-08-08,,True,STAFF-0108,108,PROC-226787338905,VAL-C62B370EC6C3,2D-2.1.0,2026-07-25T22:46:24.975563
STAFF-0109,HOSP-001,DEPT-MED,ROLE-ED-PHY,Doctor,Full-Time,1.0,2023-09-19,,True,STAFF-0109,109,PROC-226787338905,VAL-C62B370EC6C3,2D-2.1.0,2026-07-25T22:46:24.975563
STAFF-0110,HOSP-001,DEPT-MED,ROLE-PEO,Administrative,Full-Time,1.0,2024-10-09,,True,STAFF-0110,110,PROC-226787338905,VAL-C62B370EC6C3,2D-2.1.0,2026-07-25T22:46:24.975563
STAFF-0111,HOSP-001,DEPT-OPC,ROLE-MO,Doctor,Full-Time,1.0,2024-02-10,,True,STAFF-0111,111,PROC-226787338905,VAL-C62B370EC6C3,2D-2.1.0,2026-07-25T22:46:24.975563
STAFF-0112,HOSP-001,DEPT-ICU,ROLE-AMO,Doctor,Full-Time,1.0,2023-02-06,,True,STAFF-0112,112,PROC-226787338905,VAL-C62B370EC6C3,2D-2.1.0,2026-07-25T22:46:24.975563
STAFF-0113,HOSP-001,DEPT-PEX,ROLE-PHARM,Allied Health,Full-Time,1.0,2023-07-02,,True,STAFF-0113,113,PROC-226787338905,VAL-C62B370EC6C3,2D-2.1.0,2026-07-25T22:46:24.975563
STAFF-0114,HOSP-001,DEPT-MED,ROLE-HCA,Support,Contract,0.5,2024-04-03,,True,STAFF-0114,114,PROC-226787338905,VAL-C62B370EC6C3,2D-2.1.0,2026-07-25T22:46:24.975563
STAFF-0115,HOSP-001,DEPT-ED,ROLE-HCA,Support,Part-Time,0.6,2023-10-16,,True,STAFF-0115,115,PROC-226787338905,VAL-C62B370EC6C3,2D-2.1.0,2026-07-25T22:46:24.975563
STAFF-0116,HOSP-001,DEPT-ADM,ROLE-RAD,Allied Health,Contract,0.75,2024-09-17,,True,STAFF-0116,116,PROC-226787338905,VAL-C62B370EC6C3,2D-2.1.0,2026-07-25T22:46:24.975563
STAFF-0117,HOSP-001,DEPT-MED,ROLE-RN,Nurse,Contract,0.75,2023-02-10,,True,STAFF-0117,117,PROC-226787338905,VAL-C62B370EC6C3,2D-2.1.0,2026-07-25T22:46:24.975563
STAFF-0118,HOSP-001,DEPT-PEX,ROLE-PHARM,Allied Health,Full-Time,1.0,2024-12-11,,True,STAFF-0118,118,PROC-226787338905,VAL-C62B370EC6C3,2D-2.1.0,2026-07-25T22:46:24.975563
STAFF-0119,HOSP-001,DEPT-DIAG,ROLE-AMO,Doctor,Full-Time,1.0,2024-06-29,,True,STAFF-0119,119,PROC-226787338905,VAL-C62B370EC6C3,2D-2.1.0,2026-07-25T22:46:24.975563
STAFF-0120,HOSP-001,DEPT-MED,ROLE-HCA,Support,Contract,0.5,2023-06-12,,True,STAFF-0120,120,PROC-226787338905,VAL-C62B370EC6C3,2D-2.1.0,2026-07-25T22:46:24.975563
STAFF-0121,HOSP-001,DEPT-PEX,ROLE-RN,Nurse,Full-Time,1.0,2024-10-14,,True,STAFF-0121,121,PROC-226787338905,VAL-C62B370EC6C3,2D-2.1.0,2026-07-25T22:46:24.975563
STAFF-0122,HOSP-001,DEPT-ED,ROLE-RAD,Allied Health,Full-Time,1.0,2023-05-04,,True,STAFF-0122,122,PROC-226787338905,VAL-C62B370EC6C3,2D-2.1.0,2026-07-25T22:46:24.975563
STAFF-0123,HOSP-001,DEPT-MED,ROLE-REG,Administrative,Full-Time,1.0,2024-06-16,,True,STAFF-0123,123,PROC-226787338905,VAL-C62B370EC6C3,2D-2.1.0,2026-07-25T22:46:24.975563
STAFF-0124,HOSP-001,DEPT-SURG,ROLE-RAD,Allied Health,Full-Time,1.0,2023-03-23,,True,STAFF-0124,124,PROC-226787338905,VAL-C62B370EC6C3,2D-2.1.0,2026-07-25T22:46:24.975563
STAFF-0125,HOSP-001,DEPT-ADM,ROLE-PHARM,Allied Health,Full-Time,1.0,2023-06-01,,True,STAFF-0125,125,PROC-226787338905,VAL-C62B370EC6C3,2D-2.1.0,2026-07-25T22:46:24.975563
STAFF-0126,HOSP-001,DEPT-PEX,ROLE-HCA,Support,Part-Time,0.5,2024-12-12,,True,STAFF-0126,126,PROC-226787338905,VAL-C62B370EC6C3,2D-2.1.0,2026-07-25T22:46:24.975563
STAFF-0127,HOSP-001,DEPT-ADM,ROLE-PEO,Administrative,Full-Time,1.0,2023-08-07,,True,STAFF-0127,127,PROC-226787338905,VAL-C62B370EC6C3,2D-2.1.0,2026-07-25T22:46:24.975563
STAFF-0128,HOSP-001,DEPT-MED,ROLE-REG,Administrative,Full-Time,1.0,2023-02-24,,True,STAFF-0128,128,PROC-226787338905,VAL-C62B370EC6C3,2D-2.1.0,2026-07-25T22:46:24.975563
STAFF-0129,HOSP-001,DEPT-PEX,ROLE-AMO,Doctor,Full-Time,1.0,2023-01-16,,True,STAFF-0129,129,PROC-226787338905,VAL-C62B370EC6C3,2D-2.1.0,2026-07-25T22:46:24.975563
STAFF-0130,HOSP-001,DEPT-MED,ROLE-MO,Doctor,Part-Time,0.5,2024-10-12,,True,STAFF-0130,130,PROC-226787338905,VAL-C62B370EC6C3,2D-2.1.0,2026-07-25T22:46:24.975563
STAFF-0131,HOSP-001,DEPT-PEX,ROLE-PHARM,Allied Health,Full-Time,1.0,2024-05-22,,True,STAFF-0131,131,PROC-226787338905,VAL-C62B370EC6C3,2D-2.1.0,2026-07-25T22:46:24.975563
STAFF-0132,HOSP-001,DEPT-ICU,ROLE-PEO,Administrative,Part-Time,0.5,2024-06-30,,True,STAFF-0132,132,PROC-226787338905,VAL-C62B370EC6C3,2D-2.1.0,2026-07-25T22:46:24.975563
STAFF-0133,HOSP-001,DEPT-MED,ROLE-AMO,Doctor,Part-Time,0.5,2024-07-03,,True,STAFF-0133,133,PROC-226787338905,VAL-C62B370EC6C3,2D-2.1.0,2026-07-25T22:46:24.975563
STAFF-0134,HOSP-001,DEPT-ADM,ROLE-ED-PHY,Doctor,Full-Time,1.0,2023-05-28,,True,STAFF-0134,134,PROC-226787338905,VAL-C62B370EC6C3,2D-2.1.0,2026-07-25T22:46:24.975563
STAFF-0135,HOSP-001,DEPT-OPC,ROLE-AMO,Doctor,Full-Time,1.0,2024-02-15,,True,STAFF-0135,135,PROC-226787338905,VAL-C62B370EC6C3,2D-2.1.0,2026-07-25T22:46:24.975563
STAFF-0136,HOSP-001,DEPT-OPC,ROLE-PHARM,Allied Health,Full-Time,1.0,2023-01-30,,True,STAFF-0136,136,PROC-226787338905,VAL-C62B370EC6C3,2D-2.1.0,2026-07-25T22:46:24.975563
STAFF-0137,HOSP-001,DEPT-MED,ROLE-MO,Doctor,Part-Time,0.5,2023-08-11,,True,STAFF-0137,137,PROC-226787338905,VAL-C62B370EC6C3,2D-2.1.0,2026-07-25T22:46:24.975563
STAFF-0138,HOSP-001,DEPT-ED,ROLE-RAD,Allied Health,Part-Time,0.6,2023-02-03,,True,STAFF-0138,138,PROC-226787338905,VAL-C62B370EC6C3,2D-2.1.0,2026-07-25T22:46:24.975563
STAFF-0139,HOSP-001,DEPT-SURG,ROLE-AMO,Doctor,Full-Time,1.0,2024-04-06,,True,STAFF-0139,139,PROC-226787338905,VAL-C62B370EC6C3,2D-2.1.0,2026-07-25T22:46:24.975563
STAFF-0140,HOSP-001,DEPT-ADM,ROLE-AMO,Doctor,Full-Time,1.0,2023-11-06,,True,STAFF-0140,140,PROC-226787338905,VAL-C62B370EC6C3,2D-2.1.0,2026-07-25T22:46:24.975563
STAFF-0141,HOSP-001,DEPT-ADM,ROLE-HCA,Support,Full-Time,1.0,2024-08-17,,True,STAFF-0141,141,PROC-226787338905,VAL-C62B370EC6C3,2D-2.1.0,2026-07-25T22:46:24.975563
STAFF-0142,HOSP-001,DEPT-ADM,ROLE-RN,Nurse,Part-Time,0.5,2023-10-11,,True,STAFF-0142,142,PROC-226787338905,VAL-C62B370EC6C3,2D-2.1.0,2026-07-25T22:46:24.975563
STAFF-0143,HOSP-001,DEPT-DIAG,ROLE-HCA,Support,Full-Time,1.0,2024-05-23,,True,STAFF-0143,143,PROC-226787338905,VAL-C62B370EC6C3,2D-2.1.0,2026-07-25T22:46:24.975563
STAFF-0144,HOSP-001,DEPT-ADM,ROLE-MO,Doctor,Part-Time,0.6,2023-12-07,,True,STAFF-0144,144,PROC-226787338905,VAL-C62B370EC6C3,2D-2.1.0,2026-07-25T22:46:24.975563
STAFF-0145,HOSP-001,DEPT-ED,ROLE-PEO,Administrative,Full-Time,1.0,2023-02-11,,True,STAFF-0145,145,PROC-226787338905,VAL-C62B370EC6C3,2D-2.1.0,2026-07-25T22:46:24.975563
STAFF-0146,HOSP-001,DEPT-ICU,ROLE-HCA,Support,Full-Time,1.0,2023-02-10,,True,STAFF-0146,146,PROC-226787338905,VAL-C62B370EC6C3,2D-2.1.0,2026-07-25T22:46:24.975563
STAFF-0147,HOSP-001,DEPT-SURG,ROLE-PEO,Administrative,Full-Time,1.0,2023-01-16,,True,STAFF-0147,147,PROC-226787338905,VAL-C62B370EC6C3,2D-2.1.0,2026-07-25T22:46:24.975563
STAFF-0148,HOSP-001,DEPT-ADM,ROLE-REG,Administrative,Contract,0.5,2023-08-01,,True,STAFF-0148,148,PROC-226787338905,VAL-C62B370EC6C3,2D-2.1.0,2026-07-25T22:46:24.975563
STAFF-0149,HOSP-001,DEPT-MED,ROLE-MO,Doctor,Full-Time,1.0,2024-01-04,,True,STAFF-0149,149,PROC-226787338905,VAL-C62B370EC6C3,2D-2.1.0,2026-07-25T22:46:24.975563
STAFF-0150,HOSP-001,DEPT-ADM,ROLE-RAD,Allied Health,Full-Time,1.0,2024-05-20,,True,STAFF-0150,150,PROC-226787338905,VAL-C62B370EC6C3,2D-2.1.0,2026-07-25T22:46:24.975563
STAFF-0151,HOSP-001,DEPT-ICU,ROLE-PEO,Administrative,Full-Time,1.0,2023-02-01,,True,STAFF-0151,151,PROC-226787338905,VAL-C62B370EC6C3,2D-2.1.0,2026-07-25T22:46:24.975563
STAFF-0152,HOSP-001,DEPT-OPC,ROLE-RAD,Allied Health,Full-Time,1.0,2024-10-03,,True,STAFF-0152,152,PROC-226787338905,VAL-C62B370EC6C3,2D-2.1.0,2026-07-25T22:46:24.975563
STAFF-0153,HOSP-001,DEPT-ED,ROLE-PHARM,Allied Health,Full-Time,1.0,2023-02-14,,True,STAFF-0153,153,PROC-226787338905,VAL-C62B370EC6C3,2D-2.1.0,2026-07-25T22:46:24.975563
STAFF-0154,HOSP-001,DEPT-MED,ROLE-ED-PHY,Doctor,Full-Time,1.0,2023-04-26,,True,STAFF-0154,154,PROC-226787338905,VAL-C62B370EC6C3,2D-2.1.0,2026-07-25T22:46:24.975563
STAFF-0155,HOSP-001,DEPT-SURG,ROLE-HCA,Support,Part-Time,0.6,2023-03-12,,True,STAFF-0155,155,PROC-226787338905,VAL-C62B370EC6C3,2D-2.1.0,2026-07-25T22:46:24.975563
STAFF-0156,HOSP-001,DEPT-ED,ROLE-PEO,Administrative,Full-Time,1.0,2023-10-12,,True,STAFF-0156,156,PROC-226787338905,VAL-C62B370EC6C3,2D-2.1.0,2026-07-25T22:46:24.975563
STAFF-0157,HOSP-001,DEPT-OPC,ROLE-ED-PHY,Doctor,Part-Time,0.6,2024-02-08,,True,STAFF-0157,157,PROC-226787338905,VAL-C62B370EC6C3,2D-2.1.0,2026-07-25T22:46:24.975563
STAFF-0158,HOSP-001,DEPT-ADM,ROLE-HCA,Support,Contract,0.5,2023-05-16,,True,STAFF-0158,158,PROC-226787338905,VAL-C62B370EC6C3,2D-2.1.0,2026-07-25T22:46:24.975563
STAFF-0159,HOSP-001,DEPT-DIAG,ROLE-PHARM,Allied Health,Full-Time,1.0,2023-03-26,,True,STAFF-0159,159,PROC-226787338905,VAL-C62B370EC6C3,2D-2.1.0,2026-07-25T22:46:24.975563
STAFF-0160,HOSP-001,DEPT-MED,ROLE-HCA,Support,Full-Time,1.0,2024-07-24,,True,STAFF-0160,160,PROC-226787338905,VAL-C62B370EC6C3,2D-2.1.0,2026-07-25T22:46:24.975563
STAFF-0161,HOSP-001,DEPT-OPC,ROLE-ED-PHY,Doctor,Full-Time,1.0,2023-01-30,,True,STAFF-0161,161,PROC-226787338905,VAL-C62B370EC6C3,2D-2.1.0,2026-07-25T22:46:24.975563
STAFF-0162,HOSP-001,DEPT-ICU,ROLE-RAD,Allied Health,Full-Time,1.0,2024-11-29,,True,STAFF-0162,162,PROC-226787338905,VAL-C62B370EC6C3,2D-2.1.0,2026-07-25T22:46:24.975563
STAFF-0163,HOSP-001,DEPT-ICU,ROLE-PHARM,Allied Health,Full-Time,1.0,2023-05-13,,True,STAFF-0163,163,PROC-226787338905,VAL-C62B370EC6C3,2D-2.1.0,2026-07-25T22:46:24.975563
STAFF-0164,HOSP-001,DEPT-DIAG,ROLE-REG,Administrative,Full-Time,1.0,2023-01-30,,True,STAFF-0164,164,PROC-226787338905,VAL-C62B370EC6C3,2D-2.1.0,2026-07-25T22:46:24.975563
STAFF-0165,HOSP-001,DEPT-ICU,ROLE-HCA,Support,Full-Time,1.0,2023-01-06,,True,STAFF-0165,165,PROC-226787338905,VAL-C62B370EC6C3,2D-2.1.0,2026-07-25T22:46:24.975563
STAFF-0166,HOSP-001,DEPT-DIAG,ROLE-PEO,Administrative,Part-Time,0.5,2024-03-09,,True,STAFF-0166,166,PROC-226787338905,VAL-C62B370EC6C3,2D-2.1.0,2026-07-25T22:46:24.975563
STAFF-0167,HOSP-001,DEPT-ADM,ROLE-HCA,Support,Part-Time,0.6,2023-12-14,,True,STAFF-0167,167,PROC-226787338905,VAL-C62B370EC6C3,2D-2.1.0,2026-07-25T22:46:24.975563
STAFF-0168,HOSP-001,DEPT-DIAG,ROLE-PHARM,Allied Health,Full-Time,1.0,2023-12-03,,True,STAFF-0168,168,PROC-226787338905,VAL-C62B370EC6C3,2D-2.1.0,2026-07-25T22:46:24.975563
STAFF-0169,HOSP-001,DEPT-SURG,ROLE-PHARM,Allied Health,Part-Time,0.5,2024-04-25,,True,STAFF-0169,169,PROC-226787338905,VAL-C62B370EC6C3,2D-2.1.0,2026-07-25T22:46:24.975563
STAFF-0170,HOSP-001,DEPT-SURG,ROLE-REG,Administrative,Full-Time,1.0,2023-03-11,,True,STAFF-0170,170,PROC-226787338905,VAL-C62B370EC6C3,2D-2.1.0,2026-07-25T22:46:24.975563
STAFF-0171,HOSP-001,DEPT-ICU,ROLE-REG,Administrative,Full-Time,1.0,2023-08-20,,True,STAFF-0171,171,PROC-226787338905,VAL-C62B370EC6C3,2D-2.1.0,2026-07-25T22:46:24.975563
STAFF-0172,HOSP-001,DEPT-SURG,ROLE-ED-PHY,Doctor,Part-Time,0.5,2024-08-03,,True,STAFF-0172,172,PROC-226787338905,VAL-C62B370EC6C3,2D-2.1.0,2026-07-25T22:46:24.975563
STAFF-0173,HOSP-001,DEPT-SURG,ROLE-HCA,Support,Part-Time,0.6,2024-07-02,,True,STAFF-0173,173,PROC-226787338905,VAL-C62B370EC6C3,2D-2.1.0,2026-07-25T22:46:24.975563
STAFF-0174,HOSP-001,DEPT-PEX,ROLE-PEO,Administrative,Contract,0.75,2023-02-15,,True,STAFF-0174,174,PROC-226787338905,VAL-C62B370EC6C3,2D-2.1.0,2026-07-25T22:46:24.975563
STAFF-0175,HOSP-001,DEPT-ICU,ROLE-MO,Doctor,Contract,0.5,2023-01-17,,True,STAFF-0175,175,PROC-226787338905,VAL-C62B370EC6C3,2D-2.1.0,2026-07-25T22:46:24.975563
STAFF-0176,HOSP-001,DEPT-PEX,ROLE-PEO,Administrative,Full-Time,1.0,2024-05-20,,True,STAFF-0176,176,PROC-226787338905,VAL-C62B370EC6C3,2D-2.1.0,2026-07-25T22:46:24.975563
STAFF-0177,HOSP-001,DEPT-ED,ROLE-PEO,Administrative,Contract,0.75,2024-11-14,,True,STAFF-0177,177,PROC-226787338905,VAL-C62B370EC6C3,2D-2.1.0,2026-07-25T22:46:24.975563
STAFF-0178,HOSP-001,DEPT-ED,ROLE-RN,Nurse,Full-Time,1.0,2024-06-17,,True,STAFF-0178,178,PROC-226787338905,VAL-C62B370EC6C3,2D-2.1.0,2026-07-25T22:46:24.975563
STAFF-0179,HOSP-001,DEPT-ICU,ROLE-MO,Doctor,Full-Time,1.0,2024-07-25,,True,STAFF-0179,179,PROC-226787338905,VAL-C62B370EC6C3,2D-2.1.0,2026-07-25T22:46:24.975563
STAFF-0180,HOSP-001,DEPT-PEX,ROLE-PHARM,Allied Health,Full-Time,1.0,2023-07-05,,True,STAFF-0180,180,PROC-226787338905,VAL-C62B370EC6C3,2D-2.1.0,2026-07-25T22:46:24.975563
