decision_package_id,integrated_management_brief_id,scenario_summary_present,scenario_summary_not_applicable,completeness_status
DPKG-PKG-EP-HOSP-001-DEPT-ADM-kpi_001-20260108,IMB-6779686B,False,False,Incomplete
DPKG-PKG-EP-HOSP-001-DEPT-ADM-kpi_001-20260116,IMB-13EA9939,False,False,Incomplete
DPKG-PKG-EP-HOSP-001-DEPT-ADM-kpi_001-20260209,IMB-9332DC7F,False,False,Incomplete
DPKG-PKG-EP-HOSP-001-DEPT-ADM-kpi_001-20260328,IMB-67568966,True,False,Complete
DPKG-PKG-EP-HOSP-001-DEPT-ADM-kpi_001-20260410,IMB-054E896F,True,False,Complete
DPKG-PKG-EP-HOSP-001-DEPT-ADM-kpi_001-20260420,IMB-C2279558,False,False,Incomplete
DPKG-PKG-EP-HOSP-001-DEPT-ADM-kpi_001-20260506,IMB-03B9E920,True,False,Complete
DPKG-PKG-EP-HOSP-001-DEPT-ADM-kpi_001-20260602,IMB-27792F9B,False,False,Incomplete
DPKG-PKG-EP-HOSP-001-DEPT-ADM-kpi_001-20260608,IMB-6FD595C3,False,False,Incomplete
DPKG-PKG-EP-HOSP-001-DEPT-ADM-kpi_001-20260721,IMB-DBBE6786,False,False,Incomplete
DPKG-PKG-EP-HOSP-001-DEPT-ADM-kpi_001-20260726,IMB-C95CA297,False,False,Incomplete
DPKG-PKG-EP-HOSP-001-DEPT-ADM-kpi_001-20260822,IMB-8D8019FF,True,False,Complete
DPKG-PKG-EP-HOSP-001-DEPT-ADM-kpi_001-20261012,IMB-4BE80CE6,True,False,Complete
DPKG-PKG-EP-HOSP-001-DEPT-ADM-kpi_001-20261021,IMB-7923F3A5,True,False,Complete
DPKG-PKG-EP-HOSP-001-DEPT-ADM-kpi_001-20261127,IMB-1EA09D3F,False,False,Incomplete
DPKG-PKG-EP-HOSP-001-DEPT-ADM-kpi_001-20261205,IMB-9CAF9BFB,True,False,Complete
DPKG-PKG-EP-HOSP-001-DEPT-ADM-kpi_001-20261220,IMB-69084F9C,False,False,Incomplete
DPKG-PKG-EP-HOSP-001-DEPT-ADM-kpi_002-20260202,IMB-7ACB682D,False,False,Incomplete
DPKG-PKG-EP-HOSP-001-DEPT-ADM-kpi_002-20260206,IMB-A04C31D2,False,False,Incomplete
DPKG-PKG-EP-HOSP-001-DEPT-ADM-kpi_002-20260330,IMB-7BF5560B,False,False,Incomplete
DPKG-PKG-EP-HOSP-001-DEPT-ADM-kpi_002-20260409,IMB-0F7CBBBD,False,False,Incomplete
DPKG-PKG-EP-HOSP-001-DEPT-ADM-kpi_002-20260524,IMB-DC313032,True,False,Complete
DPKG-PKG-EP-HOSP-001-DEPT-ADM-kpi_002-20260529,IMB-B16AC730,True,False,Complete
DPKG-PKG-EP-HOSP-001-DEPT-ADM-kpi_002-20260611,IMB-65B007AB,True,False,Complete
DPKG-PKG-EP-HOSP-001-DEPT-ADM-kpi_002-20260620,IMB-00BBC43E,False,False,Incomplete
DPKG-PKG-EP-HOSP-001-DEPT-ADM-kpi_002-20260624,IMB-CB403676,False,False,Incomplete
DPKG-PKG-EP-HOSP-001-DEPT-ADM-kpi_002-20260710,IMB-7A203DC9,False,False,Incomplete
DPKG-PKG-EP-HOSP-001-DEPT-ADM-kpi_002-20260716,IMB-6B9113B2,False,False,Incomplete
DPKG-PKG-EP-HOSP-001-DEPT-ADM-kpi_002-20260814,IMB-7E694674,True,False,Complete
DPKG-PKG-EP-HOSP-001-DEPT-ADM-kpi_002-20260925,IMB-791D31AE,False,False,Incomplete
DPKG-PKG-EP-HOSP-001-DEPT-ADM-kpi_002-20261019,IMB-42E27596,True,False,Complete
DPKG-PKG-EP-HOSP-001-DEPT-ADM-kpi_002-20261102,IMB-26E86E31,False,False,Incomplete
DPKG-PKG-EP-HOSP-001-DEPT-ADM-kpi_002-20261114,IMB-CD88A7D0,False,False,Incomplete
DPKG-PKG-EP-HOSP-001-DEPT-ADM-kpi_002-20261121,IMB-A201D5E5,True,False,Complete
DPKG-PKG-EP-HOSP-001-DEPT-ADM-kpi_002-20261214,IMB-F7E62568,False,False,Incomplete
DPKG-PKG-EP-HOSP-001-DEPT-ADM-kpi_002-20261225,IMB-3CC21958,False,False,Incomplete
DPKG-PKG-EP-HOSP-001-DEPT-ADM-kpi_006-20260130,IMB-D54BBA62,False,False,Incomplete
DPKG-PKG-EP-HOSP-001-DEPT-ADM-kpi_006-20260214,IMB-AB7D1D25,False,False,Incomplete
DPKG-PKG-EP-HOSP-001-DEPT-ADM-kpi_006-20260325,IMB-593A5AB7,False,False,Incomplete
DPKG-PKG-EP-HOSP-001-DEPT-ADM-kpi_006-20260404,IMB-34FF2141,False,False,Incomplete
DPKG-PKG-EP-HOSP-001-DEPT-ADM-kpi_006-20260408,IMB-B778809C,False,False,Incomplete
DPKG-PKG-EP-HOSP-001-DEPT-ADM-kpi_006-20260413,IMB-96D5924D,False,False,Incomplete
DPKG-PKG-EP-HOSP-001-DEPT-ADM-kpi_006-20260424,IMB-EB012AEE,False,False,Incomplete
DPKG-PKG-EP-HOSP-001-DEPT-ADM-kpi_006-20260509,IMB-DB2B5F57,False,False,Incomplete
DPKG-PKG-EP-HOSP-001-DEPT-ADM-kpi_006-20260618,IMB-CE996CF0,False,False,Incomplete
DPKG-PKG-EP-HOSP-001-DEPT-ADM-kpi_006-20260623,IMB-C5CE1EFE,False,False,Incomplete
DPKG-PKG-EP-HOSP-001-DEPT-ADM-kpi_006-20260629,IMB-658006F1,False,False,Incomplete
DPKG-PKG-EP-HOSP-001-DEPT-ADM-kpi_006-20260703,IMB-48F1383A,False,False,Incomplete
DPKG-PKG-EP-HOSP-001-DEPT-ADM-kpi_006-20260709,IMB-7C829C4B,False,False,Incomplete
DPKG-PKG-EP-HOSP-001-DEPT-ADM-kpi_006-20260719,IMB-D2F75205,False,False,Incomplete
DPKG-PKG-EP-HOSP-001-DEPT-ADM-kpi_006-20260809,IMB-75280831,False,False,Incomplete
DPKG-PKG-EP-HOSP-001-DEPT-ADM-kpi_006-20260824,IMB-5E629520,False,False,Incomplete
DPKG-PKG-EP-HOSP-001-DEPT-ADM-kpi_006-20260904,IMB-7EE68EF0,False,False,Incomplete
DPKG-PKG-EP-HOSP-001-DEPT-ADM-kpi_006-20260923,IMB-F79F8EA6,False,False,Incomplete
DPKG-PKG-EP-HOSP-001-DEPT-ADM-kpi_006-20260928,IMB-815944D4,False,False,Incomplete
DPKG-PKG-EP-HOSP-001-DEPT-ADM-kpi_006-20261007,IMB-3E494728,False,False,Incomplete
DPKG-PKG-EP-HOSP-001-DEPT-ADM-kpi_006-20261023,IMB-5B350E77,False,False,Incomplete
DPKG-PKG-EP-HOSP-001-DEPT-ADM-kpi_006-20261027,IMB-71C375B8,False,False,Incomplete
DPKG-PKG-EP-HOSP-001-DEPT-ADM-kpi_006-20261202,IMB-E784EC35,False,False,Incomplete
DPKG-PKG-EP-HOSP-001-DEPT-ADM-kpi_006-20261218,IMB-312BC4A0,False,False,Incomplete
DPKG-PKG-EP-HOSP-001-DEPT-DIAG-kpi_001-20260108,IMB-B504AD7E,True,False,Complete
DPKG-PKG-EP-HOSP-001-DEPT-DIAG-kpi_001-20260401,IMB-5D0F86C8,False,False,Incomplete
DPKG-PKG-EP-HOSP-001-DEPT-DIAG-kpi_001-20260417,IMB-8FBCBB00,True,False,Complete
DPKG-PKG-EP-HOSP-001-DEPT-DIAG-kpi_001-20260423,IMB-AC26D40C,True,False,Complete
DPKG-PKG-EP-HOSP-001-DEPT-DIAG-kpi_001-20260507,IMB-AC0448CA,False,False,Incomplete
DPKG-PKG-EP-HOSP-001-DEPT-DIAG-kpi_001-20260511,IMB-8C4D0024,False,False,Incomplete
DPKG-PKG-EP-HOSP-001-DEPT-DIAG-kpi_001-20260520,IMB-03A5CBFA,True,False,Complete
DPKG-PKG-EP-HOSP-001-DEPT-DIAG-kpi_001-20260606,IMB-DC7B8314,False,False,Incomplete
DPKG-PKG-EP-HOSP-001-DEPT-DIAG-kpi_001-20260610,IMB-FA35DD9B,False,False,Incomplete
DPKG-PKG-EP-HOSP-001-DEPT-DIAG-kpi_001-20260619,IMB-F325F6DE,False,False,Incomplete
DPKG-PKG-EP-HOSP-001-DEPT-DIAG-kpi_001-20260704,IMB-8FDF73B1,False,False,Incomplete
DPKG-PKG-EP-HOSP-001-DEPT-DIAG-kpi_001-20260723,IMB-FEBBC6DF,False,False,Incomplete
DPKG-PKG-EP-HOSP-001-DEPT-DIAG-kpi_001-20260804,IMB-F50D5B65,False,False,Incomplete
DPKG-PKG-EP-HOSP-001-DEPT-DIAG-kpi_001-20260810,IMB-00B717A2,False,False,Incomplete
DPKG-PKG-EP-HOSP-001-DEPT-DIAG-kpi_001-20260901,IMB-46F208B5,False,False,Incomplete
DPKG-PKG-EP-HOSP-001-DEPT-DIAG-kpi_001-20260912,IMB-848638E0,False,False,Incomplete
DPKG-PKG-EP-HOSP-001-DEPT-DIAG-kpi_001-20261023,IMB-5E70F27C,True,False,Complete
DPKG-PKG-EP-HOSP-001-DEPT-DIAG-kpi_001-20261031,IMB-6A1954AC,False,False,Incomplete
DPKG-PKG-EP-HOSP-001-DEPT-DIAG-kpi_001-20261108,IMB-B9321AB4,False,False,Incomplete
DPKG-PKG-EP-HOSP-001-DEPT-DIAG-kpi_002-20260122,IMB-90F8EAE1,True,False,Complete
DPKG-PKG-EP-HOSP-001-DEPT-DIAG-kpi_002-20260328,IMB-C5D0CD16,False,False,Incomplete
DPKG-PKG-EP-HOSP-001-DEPT-DIAG-kpi_002-20260409,IMB-310AAD35,False,False,Incomplete
DPKG-PKG-EP-HOSP-001-DEPT-DIAG-kpi_002-20260422,IMB-EB15E72D,False,False,Incomplete
DPKG-PKG-EP-HOSP-001-DEPT-DIAG-kpi_002-20260426,IMB-88D1EAA2,True,False,Complete
DPKG-PKG-EP-HOSP-001-DEPT-DIAG-kpi_002-20260515,IMB-C4E0B569,False,False,Incomplete
DPKG-PKG-EP-HOSP-001-DEPT-DIAG-kpi_002-20260521,IMB-2C537282,False,False,Incomplete
DPKG-PKG-EP-HOSP-001-DEPT-DIAG-kpi_002-20260615,IMB-8F710E56,False,False,Incomplete
DPKG-PKG-EP-HOSP-001-DEPT-DIAG-kpi_002-20260621,IMB-1A1A320A,False,False,Incomplete
DPKG-PKG-EP-HOSP-001-DEPT-DIAG-kpi_002-20260626,IMB-18DD489D,False,False,Incomplete
DPKG-PKG-EP-HOSP-001-DEPT-DIAG-kpi_002-20260720,IMB-756B92AF,False,False,Incomplete
DPKG-PKG-EP-HOSP-001-DEPT-DIAG-kpi_002-20260727,IMB-78B486D4,False,False,Incomplete
DPKG-PKG-EP-HOSP-001-DEPT-DIAG-kpi_002-20260910,IMB-51772D15,False,False,Incomplete
DPKG-PKG-EP-HOSP-001-DEPT-DIAG-kpi_002-20260915,IMB-C1CF97A4,False,False,Incomplete
DPKG-PKG-EP-HOSP-001-DEPT-DIAG-kpi_002-20260921,IMB-2B355530,True,False,Complete
DPKG-PKG-EP-HOSP-001-DEPT-DIAG-kpi_002-20260930,IMB-186319C6,True,False,Complete
DPKG-PKG-EP-HOSP-001-DEPT-DIAG-kpi_002-20261015,IMB-0350210E,True,False,Complete
DPKG-PKG-EP-HOSP-001-DEPT-DIAG-kpi_002-20261019,IMB-556780F8,False,False,Incomplete
DPKG-PKG-EP-HOSP-001-DEPT-DIAG-kpi_002-20261027,IMB-DE03CA73,False,False,Incomplete
DPKG-PKG-EP-HOSP-001-DEPT-DIAG-kpi_002-20261111,IMB-3DB07DBC,False,False,Incomplete
DPKG-PKG-EP-HOSP-001-DEPT-DIAG-kpi_002-20261115,IMB-9A67DACE,False,False,Incomplete
DPKG-PKG-EP-HOSP-001-DEPT-DIAG-kpi_002-20261126,IMB-756B1334,False,False,Incomplete
DPKG-PKG-EP-HOSP-001-DEPT-DIAG-kpi_002-20261202,IMB-63E130E8,True,False,Complete
DPKG-PKG-EP-HOSP-001-DEPT-DIAG-kpi_002-20261207,IMB-FBD92695,False,False,Incomplete
DPKG-PKG-EP-HOSP-001-DEPT-DIAG-kpi_002-20261227,IMB-B13BBDEE,False,False,Incomplete
DPKG-PKG-EP-HOSP-001-DEPT-DIAG-kpi_004-20260402,IMB-0122DA0F,False,False,Incomplete
DPKG-PKG-EP-HOSP-001-DEPT-DIAG-kpi_004-20260412,IMB-81425FAF,False,False,Incomplete
DPKG-PKG-EP-HOSP-001-DEPT-DIAG-kpi_004-20260421,IMB-691AAF23,False,False,Incomplete
DPKG-PKG-EP-HOSP-001-DEPT-DIAG-kpi_004-20260428,IMB-1557EBDA,False,False,Incomplete
DPKG-PKG-EP-HOSP-001-DEPT-DIAG-kpi_004-20260531,IMB-EDF68493,False,False,Incomplete
DPKG-PKG-EP-HOSP-001-DEPT-DIAG-kpi_004-20260614,IMB-AF228DCA,False,False,Incomplete
DPKG-PKG-EP-HOSP-001-DEPT-DIAG-kpi_004-20260707,IMB-0380CAC3,False,False,Incomplete
DPKG-PKG-EP-HOSP-001-DEPT-DIAG-kpi_005-20260107,IMB-B035C641,False,False,Incomplete
DPKG-PKG-EP-HOSP-001-DEPT-DIAG-kpi_005-20260116,IMB-F89F9397,False,False,Incomplete
DPKG-PKG-EP-HOSP-001-DEPT-DIAG-kpi_005-20260123,IMB-28389C99,False,False,Incomplete
DPKG-PKG-EP-HOSP-001-DEPT-DIAG-kpi_005-20260130,IMB-61D60D2B,False,False,Incomplete
DPKG-PKG-EP-HOSP-001-DEPT-DIAG-kpi_005-20260207,IMB-6E2ED4B9,False,False,Incomplete
DPKG-PKG-EP-HOSP-001-DEPT-DIAG-kpi_005-20260213,IMB-990451D6,False,False,Incomplete
DPKG-PKG-EP-HOSP-001-DEPT-DIAG-kpi_005-20260220,IMB-DB3BEFA8,False,False,Incomplete
DPKG-PKG-EP-HOSP-001-DEPT-DIAG-kpi_005-20260302,IMB-4ADD3943,False,False,Incomplete
DPKG-PKG-EP-HOSP-001-DEPT-DIAG-kpi_005-20260317,IMB-56D41D3C,False,False,Incomplete
DPKG-PKG-EP-HOSP-001-DEPT-DIAG-kpi_005-20260324,IMB-C92C3321,False,False,Incomplete
DPKG-PKG-EP-HOSP-001-DEPT-DIAG-kpi_005-20260410,IMB-DD5879BC,False,False,Incomplete
DPKG-PKG-EP-HOSP-001-DEPT-DIAG-kpi_005-20260420,IMB-1839D7C6,False,False,Incomplete
DPKG-PKG-EP-HOSP-001-DEPT-DIAG-kpi_005-20260506,IMB-84A68261,False,False,Incomplete
DPKG-PKG-EP-HOSP-001-DEPT-DIAG-kpi_005-20260528,IMB-0C5E59E8,False,False,Incomplete
DPKG-PKG-EP-HOSP-001-DEPT-DIAG-kpi_005-20260629,IMB-7584F4A3,False,False,Incomplete
DPKG-PKG-EP-HOSP-001-DEPT-DIAG-kpi_005-20260817,IMB-03B0539E,False,False,Incomplete
DPKG-PKG-EP-HOSP-001-DEPT-DIAG-kpi_005-20260830,IMB-4B5EC376,False,False,Incomplete
DPKG-PKG-EP-HOSP-001-DEPT-DIAG-kpi_005-20260904,IMB-FFA75233,False,False,Incomplete
DPKG-PKG-EP-HOSP-001-DEPT-DIAG-kpi_005-20260911,IMB-102138E2,False,False,Incomplete
DPKG-PKG-EP-HOSP-001-DEPT-DIAG-kpi_005-20260923,IMB-252CEAEA,False,False,Incomplete
DPKG-PKG-EP-HOSP-001-DEPT-DIAG-kpi_005-20261003,IMB-E1ABD162,False,False,Incomplete
DPKG-PKG-EP-HOSP-001-DEPT-DIAG-kpi_005-20261009,IMB-06C1F371,False,False,Incomplete
DPKG-PKG-EP-HOSP-001-DEPT-DIAG-kpi_005-20261014,IMB-6936A8F2,False,False,Incomplete
DPKG-PKG-EP-HOSP-001-DEPT-DIAG-kpi_005-20261026,IMB-BD1A5B24,False,False,Incomplete
DPKG-PKG-EP-HOSP-001-DEPT-DIAG-kpi_005-20261102,IMB-122AE627,False,False,Incomplete
DPKG-PKG-EP-HOSP-001-DEPT-DIAG-kpi_005-20261119,IMB-55345F31,False,False,Incomplete
DPKG-PKG-EP-HOSP-001-DEPT-DIAG-kpi_005-20261125,IMB-388383C6,False,False,Incomplete
DPKG-PKG-EP-HOSP-001-DEPT-DIAG-kpi_005-20261205,IMB-C8B3D708,False,False,Incomplete
DPKG-PKG-EP-HOSP-001-DEPT-DIAG-kpi_005-20261209,IMB-331BB463,False,False,Incomplete
DPKG-PKG-EP-HOSP-001-DEPT-DIAG-kpi_005-20261219,IMB-5DEF4700,False,False,Incomplete
DPKG-PKG-EP-HOSP-001-DEPT-DIAG-kpi_006-20260126,IMB-0EACA9A3,False,False,Incomplete
DPKG-PKG-EP-HOSP-001-DEPT-DIAG-kpi_006-20260218,IMB-B3860E94,False,False,Incomplete
DPKG-PKG-EP-HOSP-001-DEPT-DIAG-kpi_006-20260224,IMB-683A7401,False,False,Incomplete
DPKG-PKG-EP-HOSP-001-DEPT-DIAG-kpi_006-20260319,IMB-737E3D66,False,False,Incomplete
DPKG-PKG-EP-HOSP-001-DEPT-DIAG-kpi_006-20260331,IMB-322852D8,False,False,Incomplete
DPKG-PKG-EP-HOSP-001-DEPT-DIAG-kpi_006-20260416,IMB-EC1791C3,False,False,Incomplete
DPKG-PKG-EP-HOSP-001-DEPT-DIAG-kpi_006-20260425,IMB-5343FE59,False,False,Incomplete
DPKG-PKG-EP-HOSP-001-DEPT-DIAG-kpi_006-20260504,IMB-D0035F78,False,False,Incomplete
DPKG-PKG-EP-HOSP-001-DEPT-DIAG-kpi_006-20260523,IMB-94467A66,False,False,Incomplete
DPKG-PKG-EP-HOSP-001-DEPT-DIAG-kpi_006-20260611,IMB-5A4DE0AF,False,False,Incomplete
DPKG-PKG-EP-HOSP-001-DEPT-DIAG-kpi_006-20260702,IMB-A528E0F6,False,False,Incomplete
DPKG-PKG-EP-HOSP-001-DEPT-DIAG-kpi_006-20260728,IMB-DC932E39,False,False,Incomplete
DPKG-PKG-EP-HOSP-001-DEPT-DIAG-kpi_006-20260813,IMB-135A0B0B,False,False,Incomplete
DPKG-PKG-EP-HOSP-001-DEPT-DIAG-kpi_006-20260828,IMB-7840E148,False,False,Incomplete
DPKG-PKG-EP-HOSP-001-DEPT-DIAG-kpi_006-20260902,IMB-E020A4F3,False,False,Incomplete
DPKG-PKG-EP-HOSP-001-DEPT-DIAG-kpi_006-20260920,IMB-7880B462,False,False,Incomplete
DPKG-PKG-EP-HOSP-001-DEPT-DIAG-kpi_006-20260925,IMB-51604F49,False,False,Incomplete
DPKG-PKG-EP-HOSP-001-DEPT-DIAG-kpi_006-20261007,IMB-FE04A5CA,False,False,Incomplete
DPKG-PKG-EP-HOSP-001-DEPT-DIAG-kpi_006-20261025,IMB-99E28637,False,False,Incomplete
DPKG-PKG-EP-HOSP-001-DEPT-DIAG-kpi_006-20261114,IMB-5ABAC611,False,False,Incomplete
DPKG-PKG-EP-HOSP-001-DEPT-DIAG-kpi_006-20261206,IMB-52C962BA,False,False,Incomplete
DPKG-PKG-EP-HOSP-001-DEPT-ED-kpi_001-20260107,IMB-87BB1A9A,False,False,Incomplete
DPKG-PKG-EP-HOSP-001-DEPT-ED-kpi_001-20260201,IMB-F21367D0,False,False,Incomplete
DPKG-PKG-EP-HOSP-001-DEPT-ED-kpi_001-20260211,IMB-93E28A3B,False,False,Incomplete
DPKG-PKG-EP-HOSP-001-DEPT-ED-kpi_001-20260303,IMB-CBC2E359,False,False,Incomplete
DPKG-PKG-EP-HOSP-001-DEPT-ED-kpi_001-20260319,IMB-5724DC90,False,False,Incomplete
DPKG-PKG-EP-HOSP-001-DEPT-ED-kpi_001-20260402,IMB-2D400A12,False,False,Incomplete
DPKG-PKG-EP-HOSP-001-DEPT-ED-kpi_001-20260502,IMB-062D55CC,False,False,Incomplete
DPKG-PKG-EP-HOSP-001-DEPT-ED-kpi_001-20260509,IMB-3D094DFE,False,False,Incomplete
DPKG-PKG-EP-HOSP-001-DEPT-ED-kpi_001-20260522,IMB-0884C637,True,False,Complete
DPKG-PKG-EP-HOSP-001-DEPT-ED-kpi_001-20260531,IMB-D4D15739,False,False,Incomplete
DPKG-PKG-EP-HOSP-001-DEPT-ED-kpi_001-20260604,IMB-8C15F08F,False,False,Incomplete
DPKG-PKG-EP-HOSP-001-DEPT-ED-kpi_001-20260624,IMB-77E18DD3,False,False,Incomplete
DPKG-PKG-EP-HOSP-001-DEPT-ED-kpi_001-20260705,IMB-C78EF025,False,False,Incomplete
DPKG-PKG-EP-HOSP-001-DEPT-ED-kpi_001-20260713,IMB-C99E0A26,False,False,Incomplete
DPKG-PKG-EP-HOSP-001-DEPT-ED-kpi_001-20260727,IMB-C64D83FA,False,False,Incomplete
DPKG-PKG-EP-HOSP-001-DEPT-ED-kpi_001-20260930,IMB-F6C736A7,True,False,Complete
DPKG-PKG-EP-HOSP-001-DEPT-ED-kpi_001-20261008,IMB-8C653F7D,False,False,Incomplete
DPKG-PKG-EP-HOSP-001-DEPT-ED-kpi_001-20261014,IMB-492E385E,False,False,Incomplete
DPKG-PKG-EP-HOSP-001-DEPT-ED-kpi_001-20261101,IMB-48FB8DCF,False,False,Incomplete
DPKG-PKG-EP-HOSP-001-DEPT-ED-kpi_001-20261113,IMB-833250CD,True,False,Complete
DPKG-PKG-EP-HOSP-001-DEPT-ED-kpi_001-20261227,IMB-394E2514,False,False,Incomplete
DPKG-PKG-EP-HOSP-001-DEPT-ED-kpi_002-20260106,IMB-9E7A3849,False,False,Incomplete
DPKG-PKG-EP-HOSP-001-DEPT-ED-kpi_002-20260207,IMB-524F8372,False,False,Incomplete
DPKG-PKG-EP-HOSP-001-DEPT-ED-kpi_002-20260310,IMB-3B12D895,False,False,Incomplete
DPKG-PKG-EP-HOSP-001-DEPT-ED-kpi_002-20260421,IMB-6A05B58B,False,False,Incomplete
DPKG-PKG-EP-HOSP-001-DEPT-ED-kpi_002-20260425,IMB-D89DB47B,False,False,Incomplete
DPKG-PKG-EP-HOSP-001-DEPT-ED-kpi_002-20260521,IMB-B778AC03,False,False,Incomplete
DPKG-PKG-EP-HOSP-001-DEPT-ED-kpi_002-20260603,IMB-922A4E50,False,False,Incomplete
DPKG-PKG-EP-HOSP-001-DEPT-ED-kpi_002-20260610,IMB-21A3EFE6,False,False,Incomplete
DPKG-PKG-EP-HOSP-001-DEPT-ED-kpi_002-20260614,IMB-43213456,False,False,Incomplete
DPKG-PKG-EP-HOSP-001-DEPT-ED-kpi_002-20260626,IMB-4FF86CE0,False,False,Incomplete
DPKG-PKG-EP-HOSP-001-DEPT-ED-kpi_002-20260707,IMB-006DB262,False,False,Incomplete
DPKG-PKG-EP-HOSP-001-DEPT-ED-kpi_002-20260818,IMB-B549CE27,False,False,Incomplete
DPKG-PKG-EP-HOSP-001-DEPT-ED-kpi_002-20260923,IMB-156E2C74,False,False,Incomplete
DPKG-PKG-EP-HOSP-001-DEPT-ED-kpi_002-20261005,IMB-21AACEF1,True,False,Complete
DPKG-PKG-EP-HOSP-001-DEPT-ED-kpi_002-20261013,IMB-F2E74DF4,False,False,Incomplete
DPKG-PKG-EP-HOSP-001-DEPT-ED-kpi_002-20261026,IMB-4085771E,False,False,Incomplete
DPKG-PKG-EP-HOSP-001-DEPT-ED-kpi_002-20261102,IMB-C2E556F1,True,False,Complete
DPKG-PKG-EP-HOSP-001-DEPT-ED-kpi_002-20261109,IMB-72F9988E,True,False,Complete
DPKG-PKG-EP-HOSP-001-DEPT-ED-kpi_002-20261127,IMB-B8D4CC46,True,False,Complete
DPKG-PKG-EP-HOSP-001-DEPT-ED-kpi_002-20261212,IMB-4C56E237,False,False,Incomplete
DPKG-PKG-EP-HOSP-001-DEPT-ED-kpi_002-20261217,IMB-27A400BB,False,False,Incomplete
DPKG-PKG-EP-HOSP-001-DEPT-ED-kpi_004-20260404,IMB-8A948793,False,False,Incomplete
DPKG-PKG-EP-HOSP-001-DEPT-ED-kpi_004-20260413,IMB-0AA72C33,False,False,Incomplete
DPKG-PKG-EP-HOSP-001-DEPT-ED-kpi_004-20260427,IMB-B9191393,False,False,Incomplete
DPKG-PKG-EP-HOSP-001-DEPT-ED-kpi_004-20260503,IMB-8B9D7152,False,False,Incomplete
DPKG-PKG-EP-HOSP-001-DEPT-ED-kpi_004-20260508,IMB-D77CD007,False,False,Incomplete
DPKG-PKG-EP-HOSP-001-DEPT-ED-kpi_004-20260601,IMB-3D431876,False,False,Incomplete
DPKG-PKG-EP-HOSP-001-DEPT-ED-kpi_004-20260606,IMB-9B0F67A0,False,False,Incomplete
DPKG-PKG-EP-HOSP-001-DEPT-ED-kpi_004-20260716,IMB-E9D2C951,True,False,Complete
DPKG-PKG-EP-HOSP-001-DEPT-ED-kpi_005-20260209,IMB-05DD713F,False,False,Incomplete
DPKG-PKG-EP-HOSP-001-DEPT-ED-kpi_005-20260216,IMB-851E06E6,False,False,Incomplete
DPKG-PKG-EP-HOSP-001-DEPT-ED-kpi_005-20260312,IMB-A1D3C221,False,False,Incomplete
DPKG-PKG-EP-HOSP-001-DEPT-ED-kpi_005-20260510,IMB-6380C7FF,False,False,Incomplete
DPKG-PKG-EP-HOSP-001-DEPT-ED-kpi_005-20260719,IMB-D57D2899,False,False,Incomplete
DPKG-PKG-EP-HOSP-001-DEPT-ED-kpi_005-20260913,IMB-47FDB072,False,False,Incomplete
DPKG-PKG-EP-HOSP-001-DEPT-ED-kpi_005-20260917,IMB-934083AF,False,False,Incomplete
DPKG-PKG-EP-HOSP-001-DEPT-ED-kpi_005-20261116,IMB-7BE1D98F,False,False,Incomplete
DPKG-PKG-EP-HOSP-001-DEPT-ED-kpi_006-20260128,IMB-62A15DA2,False,False,Incomplete
DPKG-PKG-EP-HOSP-001-DEPT-ED-kpi_006-20260309,IMB-EA795E57,False,False,Incomplete
DPKG-PKG-EP-HOSP-001-DEPT-ED-kpi_006-20260318,IMB-5732FCD4,False,False,Incomplete
DPKG-PKG-EP-HOSP-001-DEPT-ED-kpi_006-20260323,IMB-049A549E,False,False,Incomplete
DPKG-PKG-EP-HOSP-001-DEPT-ED-kpi_006-20260330,IMB-B2C01513,False,False,Incomplete
DPKG-PKG-EP-HOSP-001-DEPT-ED-kpi_006-20260412,IMB-FB443D62,False,False,Incomplete
DPKG-PKG-EP-HOSP-001-DEPT-ED-kpi_006-20260702,IMB-B88045DF,False,False,Incomplete
DPKG-PKG-EP-HOSP-001-DEPT-ED-kpi_006-20260712,IMB-391A1E0C,False,False,Incomplete
DPKG-PKG-EP-HOSP-001-DEPT-ED-kpi_006-20260731,IMB-0A3D30AD,False,False,Incomplete
DPKG-PKG-EP-HOSP-001-DEPT-ED-kpi_006-20260805,IMB-DC2EA785,False,False,Incomplete
DPKG-PKG-EP-HOSP-001-DEPT-ED-kpi_006-20260902,IMB-1A93F606,False,False,Incomplete
DPKG-PKG-EP-HOSP-001-DEPT-ED-kpi_006-20260909,IMB-C7C5A607,False,False,Incomplete
DPKG-PKG-EP-HOSP-001-DEPT-ED-kpi_006-20260914,IMB-93A20730,False,False,Incomplete
DPKG-PKG-EP-HOSP-001-DEPT-ED-kpi_006-20260921,IMB-E7E997C8,False,False,Incomplete
DPKG-PKG-EP-HOSP-001-DEPT-ED-kpi_006-20261004,IMB-682B72A4,False,False,Incomplete
DPKG-PKG-EP-HOSP-001-DEPT-ED-kpi_006-20261111,IMB-624C0843,False,False,Incomplete
DPKG-PKG-EP-HOSP-001-DEPT-ED-kpi_006-20261118,IMB-CAE02443,False,False,Incomplete
DPKG-PKG-EP-HOSP-001-DEPT-ED-kpi_006-20261129,IMB-5C84850A,False,False,Incomplete
DPKG-PKG-EP-HOSP-001-DEPT-ED-kpi_006-20261203,IMB-223DFD1D,False,False,Incomplete
DPKG-PKG-EP-HOSP-001-DEPT-ED-kpi_006-20261210,IMB-FE7FE422,False,False,Incomplete
DPKG-PKG-EP-HOSP-001-DEPT-ED-kpi_006-20261224,IMB-111BA3D8,False,False,Incomplete
DPKG-PKG-EP-HOSP-001-DEPT-ICU-kpi_001-20260106,IMB-B9B1A75B,False,False,Incomplete
DPKG-PKG-EP-HOSP-001-DEPT-ICU-kpi_001-20260114,IMB-2A38C152,False,False,Incomplete
DPKG-PKG-EP-HOSP-001-DEPT-ICU-kpi_001-20260211,IMB-C0A54E84,False,False,Incomplete
DPKG-PKG-EP-HOSP-001-DEPT-ICU-kpi_001-20260216,IMB-C77876F2,False,False,Incomplete
DPKG-PKG-EP-HOSP-001-DEPT-ICU-kpi_001-20260323,IMB-064EC872,False,False,Incomplete
DPKG-PKG-EP-HOSP-001-DEPT-ICU-kpi_001-20260407,IMB-2B756740,False,False,Incomplete
DPKG-PKG-EP-HOSP-001-DEPT-ICU-kpi_001-20260426,IMB-915EFB45,False,False,Incomplete
DPKG-PKG-EP-HOSP-001-DEPT-ICU-kpi_001-20260505,IMB-E3CC3205,False,False,Incomplete
DPKG-PKG-EP-HOSP-001-DEPT-ICU-kpi_001-20260513,IMB-E6B3E140,False,False,Incomplete
DPKG-PKG-EP-HOSP-001-DEPT-ICU-kpi_001-20260528,IMB-13E70BCB,True,False,Complete
DPKG-PKG-EP-HOSP-001-DEPT-ICU-kpi_001-20260612,IMB-28073BC2,False,False,Incomplete
DPKG-PKG-EP-HOSP-001-DEPT-ICU-kpi_001-20260707,IMB-3CE03C24,False,False,Incomplete
DPKG-PKG-EP-HOSP-001-DEPT-ICU-kpi_001-20260801,IMB-6CD7F2B2,False,False,Incomplete
DPKG-PKG-EP-HOSP-001-DEPT-ICU-kpi_001-20260830,IMB-06A4015B,False,False,Incomplete
DPKG-PKG-EP-HOSP-001-DEPT-ICU-kpi_001-20260914,IMB-0C9DCEF0,False,False,Incomplete
DPKG-PKG-EP-HOSP-001-DEPT-ICU-kpi_001-20260922,IMB-172B064A,True,False,Complete
DPKG-PKG-EP-HOSP-001-DEPT-ICU-kpi_001-20261105,IMB-4AF91FF0,False,False,Incomplete
DPKG-PKG-EP-HOSP-001-DEPT-ICU-kpi_001-20261111,IMB-2DCF54ED,False,False,Incomplete
DPKG-PKG-EP-HOSP-001-DEPT-ICU-kpi_001-20261130,IMB-2D60FD7F,False,False,Incomplete
DPKG-PKG-EP-HOSP-001-DEPT-ICU-kpi_001-20261227,IMB-C7AAAB07,False,False,Incomplete
DPKG-PKG-EP-HOSP-001-DEPT-ICU-kpi_002-20260109,IMB-B4F65D89,False,False,Incomplete
DPKG-PKG-EP-HOSP-001-DEPT-ICU-kpi_002-20260126,IMB-C1C3E1E2,True,False,Complete
DPKG-PKG-EP-HOSP-001-DEPT-ICU-kpi_002-20260219,IMB-B74665AF,False,False,Incomplete
DPKG-PKG-EP-HOSP-001-DEPT-ICU-kpi_002-20260227,IMB-987EBA7F,False,False,Incomplete
DPKG-PKG-EP-HOSP-001-DEPT-ICU-kpi_002-20260305,IMB-7E733E9D,False,False,Incomplete
DPKG-PKG-EP-HOSP-001-DEPT-ICU-kpi_002-20260315,IMB-995A3411,False,False,Incomplete
DPKG-PKG-EP-HOSP-001-DEPT-ICU-kpi_002-20260406,IMB-89A7473C,False,False,Incomplete
DPKG-PKG-EP-HOSP-001-DEPT-ICU-kpi_002-20260422,IMB-CC3BFB9A,False,False,Incomplete
DPKG-PKG-EP-HOSP-001-DEPT-ICU-kpi_002-20260429,IMB-B1693314,False,False,Incomplete
DPKG-PKG-EP-HOSP-001-DEPT-ICU-kpi_002-20260522,IMB-701A2435,True,False,Complete
DPKG-PKG-EP-HOSP-001-DEPT-ICU-kpi_002-20260530,IMB-9631D9EC,False,False,Incomplete
DPKG-PKG-EP-HOSP-001-DEPT-ICU-kpi_002-20260615,IMB-E01D65F0,True,False,Complete
DPKG-PKG-EP-HOSP-001-DEPT-ICU-kpi_002-20260630,IMB-3743E5BD,False,False,Incomplete
DPKG-PKG-EP-HOSP-001-DEPT-ICU-kpi_002-20260718,IMB-D59EBD35,True,False,Complete
DPKG-PKG-EP-HOSP-001-DEPT-ICU-kpi_002-20260818,IMB-2A56AE2A,False,False,Incomplete
DPKG-PKG-EP-HOSP-001-DEPT-ICU-kpi_002-20260911,IMB-4648B0C8,False,False,Incomplete
DPKG-PKG-EP-HOSP-001-DEPT-ICU-kpi_002-20261014,IMB-3DD82F95,False,False,Incomplete
DPKG-PKG-EP-HOSP-001-DEPT-ICU-kpi_002-20261019,IMB-9231081D,False,False,Incomplete
DPKG-PKG-EP-HOSP-001-DEPT-ICU-kpi_002-20261026,IMB-265FF0DE,False,False,Incomplete
DPKG-PKG-EP-HOSP-001-DEPT-ICU-kpi_002-20261118,IMB-7DBAF719,False,False,Incomplete
DPKG-PKG-EP-HOSP-001-DEPT-ICU-kpi_002-20261129,IMB-97C8FD7E,False,False,Incomplete
DPKG-PKG-EP-HOSP-001-DEPT-ICU-kpi_002-20261207,IMB-6BC23402,True,False,Complete
DPKG-PKG-EP-HOSP-001-DEPT-ICU-kpi_002-20261213,IMB-91BBAFF3,False,False,Incomplete
DPKG-PKG-EP-HOSP-001-DEPT-ICU-kpi_002-20261217,IMB-386CA8B2,False,False,Incomplete
DPKG-PKG-EP-HOSP-001-DEPT-ICU-kpi_002-20261231,IMB-8CEEF171,False,False,Incomplete
DPKG-PKG-EP-HOSP-001-DEPT-ICU-kpi_003-20260107,IMB-46AD96A2,False,False,Incomplete
DPKG-PKG-EP-HOSP-001-DEPT-ICU-kpi_003-20260121,IMB-4340320B,False,False,Incomplete
DPKG-PKG-EP-HOSP-001-DEPT-ICU-kpi_003-20260128,IMB-2161486E,False,False,Incomplete
DPKG-PKG-EP-HOSP-001-DEPT-ICU-kpi_003-20260202,IMB-31EBC1B3,False,False,Incomplete
DPKG-PKG-EP-HOSP-001-DEPT-ICU-kpi_003-20260208,IMB-5F9F2590,False,False,Incomplete
DPKG-PKG-EP-HOSP-001-DEPT-ICU-kpi_003-20260218,IMB-53CD2B12,False,False,Incomplete
DPKG-PKG-EP-HOSP-001-DEPT-ICU-kpi_003-20260307,IMB-2E28683C,False,False,Incomplete
DPKG-PKG-EP-HOSP-001-DEPT-ICU-kpi_003-20260322,IMB-9FD9FF1F,False,False,Incomplete
DPKG-PKG-EP-HOSP-001-DEPT-ICU-kpi_003-20260326,IMB-03ABD945,False,False,Incomplete
DPKG-PKG-EP-HOSP-001-DEPT-ICU-kpi_003-20260415,IMB-F26D3264,False,False,Incomplete
DPKG-PKG-EP-HOSP-001-DEPT-ICU-kpi_003-20260428,IMB-16DD7396,False,False,Incomplete
DPKG-PKG-EP-HOSP-001-DEPT-ICU-kpi_003-20260527,IMB-30D8BDE3,False,False,Incomplete
DPKG-PKG-EP-HOSP-001-DEPT-ICU-kpi_003-20260604,IMB-FC03311E,False,False,Incomplete
DPKG-PKG-EP-HOSP-001-DEPT-ICU-kpi_003-20260620,IMB-A202A375,False,False,Incomplete
DPKG-PKG-EP-HOSP-001-DEPT-ICU-kpi_003-20260708,IMB-689F2A9A,False,False,Incomplete
DPKG-PKG-EP-HOSP-001-DEPT-ICU-kpi_003-20260804,IMB-B2DADD32,False,False,Incomplete
DPKG-PKG-EP-HOSP-001-DEPT-ICU-kpi_003-20260821,IMB-FDA5EAA6,False,False,Incomplete
DPKG-PKG-EP-HOSP-001-DEPT-ICU-kpi_003-20260828,IMB-76B0AC15,False,False,Incomplete
DPKG-PKG-EP-HOSP-001-DEPT-ICU-kpi_003-20260901,IMB-8C2A6FF4,False,False,Incomplete
DPKG-PKG-EP-HOSP-001-DEPT-ICU-kpi_003-20260912,IMB-30FE98EE,False,False,Incomplete
DPKG-PKG-EP-HOSP-001-DEPT-ICU-kpi_003-20260926,IMB-54E64CED,False,False,Incomplete
DPKG-PKG-EP-HOSP-001-DEPT-ICU-kpi_003-20261001,IMB-EF4CFEBE,False,False,Incomplete
DPKG-PKG-EP-HOSP-001-DEPT-ICU-kpi_003-20261007,IMB-CB25262E,False,False,Incomplete
DPKG-PKG-EP-HOSP-001-DEPT-ICU-kpi_003-20261020,IMB-782CDB40,False,False,Incomplete
DPKG-PKG-EP-HOSP-001-DEPT-ICU-kpi_003-20261025,IMB-E43CF019,False,False,Incomplete
DPKG-PKG-EP-HOSP-001-DEPT-ICU-kpi_003-20261101,IMB-690EC515,False,False,Incomplete
DPKG-PKG-EP-HOSP-001-DEPT-ICU-kpi_003-20261109,IMB-B557EAE3,False,False,Incomplete
DPKG-PKG-EP-HOSP-001-DEPT-ICU-kpi_003-20261125,IMB-10CFE702,False,False,Incomplete
DPKG-PKG-EP-HOSP-001-DEPT-ICU-kpi_003-20261202,IMB-E161DFF5,False,False,Incomplete
DPKG-PKG-EP-HOSP-001-DEPT-ICU-kpi_003-20261211,IMB-5DFA847A,False,False,Incomplete
DPKG-PKG-EP-HOSP-001-DEPT-ICU-kpi_003-20261215,IMB-0000B910,False,False,Incomplete
DPKG-PKG-EP-HOSP-001-DEPT-ICU-kpi_003-20261219,IMB-64443CF8,False,False,Incomplete
DPKG-PKG-EP-HOSP-001-DEPT-ICU-kpi_003-20261224,IMB-AC7E115B,False,False,Incomplete
DPKG-PKG-EP-HOSP-001-DEPT-ICU-kpi_006-20260215,IMB-F54C3B47,False,False,Incomplete
DPKG-PKG-EP-HOSP-001-DEPT-ICU-kpi_006-20260403,IMB-D4B06227,False,False,Incomplete
DPKG-PKG-EP-HOSP-001-DEPT-ICU-kpi_006-20260411,IMB-D92EC905,False,False,Incomplete
DPKG-PKG-EP-HOSP-001-DEPT-ICU-kpi_006-20260509,IMB-A952A277,False,False,Incomplete
DPKG-PKG-EP-HOSP-001-DEPT-ICU-kpi_006-20260515,IMB-83619D53,False,False,Incomplete
DPKG-PKG-EP-HOSP-001-DEPT-ICU-kpi_006-20260603,IMB-1D9BD3AB,False,False,Incomplete
DPKG-PKG-EP-HOSP-001-DEPT-ICU-kpi_006-20260619,IMB-48408839,False,False,Incomplete
DPKG-PKG-EP-HOSP-001-DEPT-ICU-kpi_006-20260623,IMB-AC6D1811,False,False,Incomplete
DPKG-PKG-EP-HOSP-001-DEPT-ICU-kpi_006-20260628,IMB-3E3AEB31,False,False,Incomplete
DPKG-PKG-EP-HOSP-001-DEPT-ICU-kpi_006-20260716,IMB-A587DDF7,False,False,Incomplete
DPKG-PKG-EP-HOSP-001-DEPT-ICU-kpi_006-20260725,IMB-61C547DB,False,False,Incomplete
DPKG-PKG-EP-HOSP-001-DEPT-ICU-kpi_006-20260730,IMB-CDACA704,False,False,Incomplete
DPKG-PKG-EP-HOSP-001-DEPT-ICU-kpi_006-20260809,IMB-62900A29,False,False,Incomplete
DPKG-PKG-EP-HOSP-001-DEPT-ICU-kpi_006-20260824,IMB-E36AF0C6,False,False,Incomplete
DPKG-PKG-EP-HOSP-001-DEPT-ICU-kpi_006-20260903,IMB-2D07A01A,False,False,Incomplete
DPKG-PKG-EP-HOSP-001-DEPT-ICU-kpi_006-20260910,IMB-BAE8B09B,False,False,Incomplete
DPKG-PKG-EP-HOSP-001-DEPT-ICU-kpi_006-20261012,IMB-F5FE764C,False,False,Incomplete
DPKG-PKG-EP-HOSP-001-DEPT-ICU-kpi_006-20261022,IMB-BE951130,False,False,Incomplete
DPKG-PKG-EP-HOSP-001-DEPT-ICU-kpi_006-20261112,IMB-F2BE0F3C,False,False,Incomplete
DPKG-PKG-EP-HOSP-001-DEPT-ICU-kpi_006-20261117,IMB-01002709,False,False,Incomplete
DPKG-PKG-EP-HOSP-001-DEPT-ICU-kpi_006-20261126,IMB-EF996049,False,False,Incomplete
DPKG-PKG-EP-HOSP-001-DEPT-ICU-kpi_006-20261205,IMB-BA0044BF,False,False,Incomplete
DPKG-PKG-EP-HOSP-001-DEPT-ICU-kpi_006-20261216,IMB-836DF5D4,False,False,Incomplete
DPKG-PKG-EP-HOSP-001-DEPT-ICU-kpi_006-20261220,IMB-9C61F185,False,False,Incomplete
DPKG-PKG-EP-HOSP-001-DEPT-MED-kpi_001-20260116,IMB-9D731432,False,False,Incomplete
DPKG-PKG-EP-HOSP-001-DEPT-MED-kpi_001-20260208,IMB-C5B48087,False,False,Incomplete
DPKG-PKG-EP-HOSP-001-DEPT-MED-kpi_001-20260330,IMB-2EA1C64B,False,False,Incomplete
DPKG-PKG-EP-HOSP-001-DEPT-MED-kpi_001-20260408,IMB-79A11B2E,False,False,Incomplete
DPKG-PKG-EP-HOSP-001-DEPT-MED-kpi_001-20260421,IMB-D3D0FABB,False,False,Incomplete
DPKG-PKG-EP-HOSP-001-DEPT-MED-kpi_001-20260502,IMB-6B454D57,True,False,Complete
DPKG-PKG-EP-HOSP-001-DEPT-MED-kpi_001-20260605,IMB-2796B7CF,False,False,Incomplete
DPKG-PKG-EP-HOSP-001-DEPT-MED-kpi_001-20260616,IMB-D04161A6,False,False,Incomplete
DPKG-PKG-EP-HOSP-001-DEPT-MED-kpi_001-20260717,IMB-0D388BE3,False,False,Incomplete
DPKG-PKG-EP-HOSP-001-DEPT-MED-kpi_001-20260723,IMB-3B3E7177,False,False,Incomplete
DPKG-PKG-EP-HOSP-001-DEPT-MED-kpi_001-20260728,IMB-72DA697D,False,False,Incomplete
DPKG-PKG-EP-HOSP-001-DEPT-MED-kpi_001-20260916,IMB-65659028,True,False,Complete
DPKG-PKG-EP-HOSP-001-DEPT-MED-kpi_001-20261008,IMB-94EED986,False,False,Incomplete
DPKG-PKG-EP-HOSP-001-DEPT-MED-kpi_001-20261102,IMB-E59022E1,False,False,Incomplete
DPKG-PKG-EP-HOSP-001-DEPT-MED-kpi_001-20261107,IMB-488F8429,False,False,Incomplete
DPKG-PKG-EP-HOSP-001-DEPT-MED-kpi_001-20261219,IMB-ABBCB808,False,False,Incomplete
DPKG-PKG-EP-HOSP-001-DEPT-MED-kpi_001-20261228,IMB-66982692,False,False,Incomplete
DPKG-PKG-EP-HOSP-001-DEPT-MED-kpi_002-20260128,IMB-5311A3C7,False,False,Incomplete
DPKG-PKG-EP-HOSP-001-DEPT-MED-kpi_002-20260209,IMB-6E77FE59,True,False,Complete
DPKG-PKG-EP-HOSP-001-DEPT-MED-kpi_002-20260222,IMB-B06689AF,False,False,Incomplete
DPKG-PKG-EP-HOSP-001-DEPT-MED-kpi_002-20260322,IMB-A20204BB,False,False,Incomplete
DPKG-PKG-EP-HOSP-001-DEPT-MED-kpi_002-20260403,IMB-DDBCA74A,False,False,Incomplete
DPKG-PKG-EP-HOSP-001-DEPT-MED-kpi_002-20260411,IMB-9B3A037A,False,False,Incomplete
DPKG-PKG-EP-HOSP-001-DEPT-MED-kpi_002-20260505,IMB-C72DFD31,True,False,Complete
DPKG-PKG-EP-HOSP-001-DEPT-MED-kpi_002-20260601,IMB-C249D542,True,False,Complete
DPKG-PKG-EP-HOSP-001-DEPT-MED-kpi_002-20260608,IMB-21A4937C,False,False,Incomplete
DPKG-PKG-EP-HOSP-001-DEPT-MED-kpi_002-20260617,IMB-18216C42,False,False,Incomplete
DPKG-PKG-EP-HOSP-001-DEPT-MED-kpi_002-20260624,IMB-1E1235B6,True,False,Complete
DPKG-PKG-EP-HOSP-001-DEPT-MED-kpi_002-20260701,IMB-EA925B2A,False,False,Incomplete
DPKG-PKG-EP-HOSP-001-DEPT-MED-kpi_002-20260709,IMB-991D1296,False,False,Incomplete
DPKG-PKG-EP-HOSP-001-DEPT-MED-kpi_002-20260802,IMB-7D02BB10,False,False,Incomplete
DPKG-PKG-EP-HOSP-001-DEPT-MED-kpi_002-20261111,IMB-978488DA,False,False,Incomplete
DPKG-PKG-EP-HOSP-001-DEPT-MED-kpi_003-20260405,IMB-DF6BD728,False,False,Incomplete
DPKG-PKG-EP-HOSP-001-DEPT-MED-kpi_003-20260412,IMB-8E809419,False,False,Incomplete
DPKG-PKG-EP-HOSP-001-DEPT-MED-kpi_003-20260429,IMB-C1CEA013,False,False,Incomplete
DPKG-PKG-EP-HOSP-001-DEPT-MED-kpi_003-20260506,IMB-D21BCD3C,False,False,Incomplete
DPKG-PKG-EP-HOSP-001-DEPT-MED-kpi_003-20260510,IMB-59D32CD8,False,False,Incomplete
DPKG-PKG-EP-HOSP-001-DEPT-MED-kpi_003-20260519,IMB-0982DC98,False,False,Incomplete
DPKG-PKG-EP-HOSP-001-DEPT-MED-kpi_003-20260527,IMB-555CD27D,False,False,Incomplete
DPKG-PKG-EP-HOSP-001-DEPT-MED-kpi_003-20260621,IMB-420D3178,False,False,Incomplete
DPKG-PKG-EP-HOSP-001-DEPT-MED-kpi_003-20260626,IMB-03CC14C9,False,False,Incomplete
DPKG-PKG-EP-HOSP-001-DEPT-MED-kpi_003-20260704,IMB-90B45E10,False,False,Incomplete
DPKG-PKG-EP-HOSP-001-DEPT-MED-kpi_003-20260711,IMB-6014C03B,False,False,Incomplete
DPKG-PKG-EP-HOSP-001-DEPT-MED-kpi_003-20260715,IMB-4476FEFB,False,False,Incomplete
DPKG-PKG-EP-HOSP-001-DEPT-MED-kpi_003-20260722,IMB-E4F3B3FE,False,False,Incomplete
DPKG-PKG-EP-HOSP-001-DEPT-MED-kpi_003-20260731,IMB-8E77B23A,False,False,Incomplete
DPKG-PKG-EP-HOSP-001-DEPT-MED-kpi_006-20260224,IMB-4F662426,False,False,Incomplete
DPKG-PKG-EP-HOSP-001-DEPT-MED-kpi_006-20260313,IMB-1A3A1AB4,False,False,Incomplete
DPKG-PKG-EP-HOSP-001-DEPT-MED-kpi_006-20260410,IMB-B44D5BA4,False,False,Incomplete
DPKG-PKG-EP-HOSP-001-DEPT-MED-kpi_006-20260418,IMB-E40C31D9,False,False,Incomplete
DPKG-PKG-EP-HOSP-001-DEPT-MED-kpi_006-20260428,IMB-D30D7F8E,False,False,Incomplete
DPKG-PKG-EP-HOSP-001-DEPT-MED-kpi_006-20260503,IMB-B7461F23,False,False,Incomplete
DPKG-PKG-EP-HOSP-001-DEPT-MED-kpi_006-20260522,IMB-D6EC3D87,False,False,Incomplete
DPKG-PKG-EP-HOSP-001-DEPT-MED-kpi_006-20260603,IMB-F068CF87,False,False,Incomplete
DPKG-PKG-EP-HOSP-001-DEPT-MED-kpi_006-20260619,IMB-749CCBF6,False,False,Incomplete
DPKG-PKG-EP-HOSP-001-DEPT-MED-kpi_006-20260629,IMB-B928297C,False,False,Incomplete
DPKG-PKG-EP-HOSP-001-DEPT-MED-kpi_006-20260703,IMB-E83B43E8,False,False,Incomplete
DPKG-PKG-EP-HOSP-001-DEPT-MED-kpi_006-20260710,IMB-D41D43FE,False,False,Incomplete
DPKG-PKG-EP-HOSP-001-DEPT-MED-kpi_006-20260719,IMB-522BED9F,False,False,Incomplete
DPKG-PKG-EP-HOSP-001-DEPT-MED-kpi_006-20260726,IMB-3A7BDA20,False,False,Incomplete
DPKG-PKG-EP-HOSP-001-DEPT-MED-kpi_006-20260903,IMB-9B8EFE1F,False,False,Incomplete
DPKG-PKG-EP-HOSP-001-DEPT-MED-kpi_006-20261001,IMB-8B2A1CCD,False,False,Incomplete
DPKG-PKG-EP-HOSP-001-DEPT-MED-kpi_006-20261012,IMB-07E0198D,False,False,Incomplete
DPKG-PKG-EP-HOSP-001-DEPT-MED-kpi_006-20261025,IMB-7CB158B8,False,False,Incomplete
DPKG-PKG-EP-HOSP-001-DEPT-MED-kpi_006-20261120,IMB-365FADBD,False,False,Incomplete
DPKG-PKG-EP-HOSP-001-DEPT-MED-kpi_006-20261125,IMB-641C9EEA,False,False,Incomplete
DPKG-PKG-EP-HOSP-001-DEPT-MED-kpi_006-20261129,IMB-9E410851,False,False,Incomplete
DPKG-PKG-EP-HOSP-001-DEPT-MED-kpi_006-20261212,IMB-AF647C97,False,False,Incomplete
DPKG-PKG-EP-HOSP-001-DEPT-MED-kpi_006-20261216,IMB-5496ED2B,False,False,Incomplete
DPKG-PKG-EP-HOSP-001-DEPT-MED-kpi_006-20261226,IMB-520EDF42,False,False,Incomplete
DPKG-PKG-EP-HOSP-001-DEPT-OPC-kpi_001-20260107,IMB-A5A04D64,False,False,Incomplete
DPKG-PKG-EP-HOSP-001-DEPT-OPC-kpi_001-20260122,IMB-66B1BFBE,False,False,Incomplete
DPKG-PKG-EP-HOSP-001-DEPT-OPC-kpi_001-20260305,IMB-0464A142,False,False,Incomplete
DPKG-PKG-EP-HOSP-001-DEPT-OPC-kpi_001-20260314,IMB-3DD32D40,False,False,Incomplete
DPKG-PKG-EP-HOSP-001-DEPT-OPC-kpi_001-20260325,IMB-C5401785,False,False,Incomplete
DPKG-PKG-EP-HOSP-001-DEPT-OPC-kpi_001-20260331,IMB-48A31F90,False,False,Incomplete
DPKG-PKG-EP-HOSP-001-DEPT-OPC-kpi_001-20260405,IMB-2A0F35D2,False,False,Incomplete
DPKG-PKG-EP-HOSP-001-DEPT-OPC-kpi_001-20260417,IMB-E3587609,False,False,Incomplete
DPKG-PKG-EP-HOSP-001-DEPT-OPC-kpi_001-20260423,IMB-0AA92D43,False,False,Incomplete
DPKG-PKG-EP-HOSP-001-DEPT-OPC-kpi_001-20260428,IMB-373DE03B,False,False,Incomplete
DPKG-PKG-EP-HOSP-001-DEPT-OPC-kpi_001-20260517,IMB-48377793,False,False,Incomplete
DPKG-PKG-EP-HOSP-001-DEPT-OPC-kpi_001-20260530,IMB-71988048,False,False,Incomplete
DPKG-PKG-EP-HOSP-001-DEPT-OPC-kpi_001-20260616,IMB-9EAB9324,False,False,Incomplete
DPKG-PKG-EP-HOSP-001-DEPT-OPC-kpi_001-20260622,IMB-3B9DA56D,True,False,Complete
DPKG-PKG-EP-HOSP-001-DEPT-OPC-kpi_001-20260706,IMB-500C91A1,False,False,Incomplete
DPKG-PKG-EP-HOSP-001-DEPT-OPC-kpi_001-20260815,IMB-727DC88B,False,False,Incomplete
DPKG-PKG-EP-HOSP-001-DEPT-OPC-kpi_001-20260823,IMB-233806C3,False,False,Incomplete
DPKG-PKG-EP-HOSP-001-DEPT-OPC-kpi_001-20260830,IMB-5D07EFAF,False,False,Incomplete
DPKG-PKG-EP-HOSP-001-DEPT-OPC-kpi_001-20260929,IMB-3F5D7851,False,False,Incomplete
DPKG-PKG-EP-HOSP-001-DEPT-OPC-kpi_001-20261008,IMB-337E9546,False,False,Incomplete
DPKG-PKG-EP-HOSP-001-DEPT-OPC-kpi_001-20261017,IMB-64CB2AB1,False,False,Incomplete
DPKG-PKG-EP-HOSP-001-DEPT-OPC-kpi_001-20261029,IMB-7138618A,False,False,Incomplete
DPKG-PKG-EP-HOSP-001-DEPT-OPC-kpi_001-20261110,IMB-A7DD3EA1,False,False,Incomplete
DPKG-PKG-EP-HOSP-001-DEPT-OPC-kpi_001-20261116,IMB-C016253B,False,False,Incomplete
DPKG-PKG-EP-HOSP-001-DEPT-OPC-kpi_001-20261128,IMB-4660BD77,False,False,Incomplete
DPKG-PKG-EP-HOSP-001-DEPT-OPC-kpi_001-20261203,IMB-D455FC38,False,False,Incomplete
DPKG-PKG-EP-HOSP-001-DEPT-OPC-kpi_001-20261209,IMB-64F9062C,False,False,Incomplete
DPKG-PKG-EP-HOSP-001-DEPT-OPC-kpi_001-20261214,IMB-D4D88EDC,False,False,Incomplete
DPKG-PKG-EP-HOSP-001-DEPT-OPC-kpi_001-20261219,IMB-0C18AC25,False,False,Incomplete
DPKG-PKG-EP-HOSP-001-DEPT-OPC-kpi_001-20261223,IMB-CC8A3007,True,False,Complete
DPKG-PKG-EP-HOSP-001-DEPT-OPC-kpi_002-20260118,IMB-B018B677,True,False,Complete
DPKG-PKG-EP-HOSP-001-DEPT-OPC-kpi_002-20260319,IMB-E7B29B64,False,False,Incomplete
DPKG-PKG-EP-HOSP-001-DEPT-OPC-kpi_002-20260404,IMB-ECC69A67,False,False,Incomplete
DPKG-PKG-EP-HOSP-001-DEPT-OPC-kpi_002-20260414,IMB-C37293B9,False,False,Incomplete
DPKG-PKG-EP-HOSP-001-DEPT-OPC-kpi_002-20260421,IMB-7F9439AE,True,False,Complete
DPKG-PKG-EP-HOSP-001-DEPT-OPC-kpi_002-20260504,IMB-E32F4B41,False,False,Incomplete
DPKG-PKG-EP-HOSP-001-DEPT-OPC-kpi_002-20260704,IMB-1487EEE7,True,False,Complete
DPKG-PKG-EP-HOSP-001-DEPT-OPC-kpi_002-20260826,IMB-CC65321E,False,False,Incomplete
DPKG-PKG-EP-HOSP-001-DEPT-OPC-kpi_002-20260926,IMB-E3B2359A,False,False,Incomplete
DPKG-PKG-EP-HOSP-001-DEPT-OPC-kpi_002-20261009,IMB-E9C7C886,True,False,Complete
DPKG-PKG-EP-HOSP-001-DEPT-OPC-kpi_002-20261030,IMB-85A3369E,True,False,Complete
DPKG-PKG-EP-HOSP-001-DEPT-OPC-kpi_002-20261112,IMB-E87609BE,False,False,Incomplete
DPKG-PKG-EP-HOSP-001-DEPT-OPC-kpi_002-20261121,IMB-1724B02D,False,False,Incomplete
DPKG-PKG-EP-HOSP-001-DEPT-OPC-kpi_002-20261226,IMB-64A6A46F,True,False,Complete
DPKG-PKG-EP-HOSP-001-DEPT-OPC-kpi_004-20260402,IMB-2683013D,False,False,Incomplete
DPKG-PKG-EP-HOSP-001-DEPT-OPC-kpi_004-20260410,IMB-E2BF4CC1,False,False,Incomplete
DPKG-PKG-EP-HOSP-001-DEPT-OPC-kpi_004-20260420,IMB-A2EF60AE,False,False,Incomplete
DPKG-PKG-EP-HOSP-001-DEPT-OPC-kpi_004-20260430,IMB-8D728E39,False,False,Incomplete
DPKG-PKG-EP-HOSP-001-DEPT-OPC-kpi_004-20260505,IMB-054A37CB,False,False,Incomplete
DPKG-PKG-EP-HOSP-001-DEPT-OPC-kpi_004-20260509,IMB-DD372116,True,False,Complete
DPKG-PKG-EP-HOSP-001-DEPT-OPC-kpi_004-20260602,IMB-B20F8E28,True,False,Complete
DPKG-PKG-EP-HOSP-001-DEPT-OPC-kpi_004-20260619,IMB-B5450655,False,False,Incomplete
DPKG-PKG-EP-HOSP-001-DEPT-OPC-kpi_004-20260629,IMB-DE6809A8,True,False,Complete
DPKG-PKG-EP-HOSP-001-DEPT-OPC-kpi_004-20260709,IMB-91017594,False,False,Incomplete
DPKG-PKG-EP-HOSP-001-DEPT-OPC-kpi_004-20260716,IMB-C214655F,True,False,Complete
DPKG-PKG-EP-HOSP-001-DEPT-OPC-kpi_004-20260721,IMB-8131CC19,True,False,Complete
DPKG-PKG-EP-HOSP-001-DEPT-OPC-kpi_005-20260518,IMB-AD0E56E9,False,False,Incomplete
DPKG-PKG-EP-HOSP-001-DEPT-OPC-kpi_005-20260526,IMB-DF129B45,False,False,Incomplete
DPKG-PKG-EP-HOSP-001-DEPT-OPC-kpi_005-20260624,IMB-E6B2329C,False,False,Incomplete
DPKG-PKG-EP-HOSP-001-DEPT-OPC-kpi_005-20260728,IMB-AF6DB0C8,False,False,Incomplete
DPKG-PKG-EP-HOSP-001-DEPT-OPC-kpi_005-20260808,IMB-33091146,False,False,Incomplete
DPKG-PKG-EP-HOSP-001-DEPT-OPC-kpi_005-20260921,IMB-0C9280CF,False,False,Incomplete
DPKG-PKG-EP-HOSP-001-DEPT-OPC-kpi_005-20261002,IMB-D2015798,False,False,Incomplete
DPKG-PKG-EP-HOSP-001-DEPT-OPC-kpi_005-20261225,IMB-9DD66A55,False,False,Incomplete
DPKG-PKG-EP-HOSP-001-DEPT-OPC-kpi_006-20260119,IMB-97D665D7,False,False,Incomplete
DPKG-PKG-EP-HOSP-001-DEPT-OPC-kpi_006-20260129,IMB-44DD0CDC,False,False,Incomplete
DPKG-PKG-EP-HOSP-001-DEPT-OPC-kpi_006-20260211,IMB-0B54726D,False,False,Incomplete
DPKG-PKG-EP-HOSP-001-DEPT-OPC-kpi_006-20260401,IMB-E2CC0004,False,False,Incomplete
DPKG-PKG-EP-HOSP-001-DEPT-OPC-kpi_006-20260415,IMB-D4C067C3,False,False,Incomplete
DPKG-PKG-EP-HOSP-001-DEPT-OPC-kpi_006-20260425,IMB-C948C074,False,False,Incomplete
DPKG-PKG-EP-HOSP-001-DEPT-OPC-kpi_006-20260523,IMB-6CA7D746,False,False,Incomplete
DPKG-PKG-EP-HOSP-001-DEPT-OPC-kpi_006-20260601,IMB-02295614,False,False,Incomplete
DPKG-PKG-EP-HOSP-001-DEPT-OPC-kpi_006-20260606,IMB-51B22CF8,False,False,Incomplete
DPKG-PKG-EP-HOSP-001-DEPT-OPC-kpi_006-20260715,IMB-3078D9BC,False,False,Incomplete
DPKG-PKG-EP-HOSP-001-DEPT-OPC-kpi_006-20260719,IMB-71F36AC2,False,False,Incomplete
DPKG-PKG-EP-HOSP-001-DEPT-OPC-kpi_006-20260802,IMB-EB214648,False,False,Incomplete
DPKG-PKG-EP-HOSP-001-DEPT-OPC-kpi_006-20260818,IMB-9BAFAE33,False,False,Incomplete
DPKG-PKG-EP-HOSP-001-DEPT-OPC-kpi_006-20261020,IMB-3813C2AB,False,False,Incomplete
DPKG-PKG-EP-HOSP-001-DEPT-OPC-kpi_006-20261102,IMB-8F19C026,False,False,Incomplete
DPKG-PKG-EP-HOSP-001-DEPT-OPC-kpi_006-20261117,IMB-5C11DD05,False,False,Incomplete
DPKG-PKG-EP-HOSP-001-DEPT-OPC-kpi_006-20261204,IMB-5703ACA2,False,False,Incomplete
DPKG-PKG-EP-HOSP-001-DEPT-OPC-kpi_006-20261215,IMB-F9D6D32D,False,False,Incomplete
DPKG-PKG-EP-HOSP-001-DEPT-PEX-kpi_001-20260111,IMB-F98D4764,False,False,Incomplete
DPKG-PKG-EP-HOSP-001-DEPT-PEX-kpi_001-20260115,IMB-8136893D,False,False,Incomplete
DPKG-PKG-EP-HOSP-001-DEPT-PEX-kpi_001-20260203,IMB-97878504,False,False,Incomplete
DPKG-PKG-EP-HOSP-001-DEPT-PEX-kpi_001-20260207,IMB-243F9F40,False,False,Incomplete
DPKG-PKG-EP-HOSP-001-DEPT-PEX-kpi_001-20260212,IMB-717EBFBB,False,False,Incomplete
DPKG-PKG-EP-HOSP-001-DEPT-PEX-kpi_001-20260326,IMB-B64E3623,False,False,Incomplete
DPKG-PKG-EP-HOSP-001-DEPT-PEX-kpi_001-20260413,IMB-E896C962,False,False,Incomplete
DPKG-PKG-EP-HOSP-001-DEPT-PEX-kpi_001-20260421,IMB-7C1CF550,True,False,Complete
DPKG-PKG-EP-HOSP-001-DEPT-PEX-kpi_001-20260502,IMB-55A74C12,False,False,Incomplete
DPKG-PKG-EP-HOSP-001-DEPT-PEX-kpi_001-20260510,IMB-0A9294CB,False,False,Incomplete
DPKG-PKG-EP-HOSP-001-DEPT-PEX-kpi_001-20260515,IMB-86EFDEA0,False,False,Incomplete
DPKG-PKG-EP-HOSP-001-DEPT-PEX-kpi_001-20260521,IMB-6725EF95,True,False,Complete
DPKG-PKG-EP-HOSP-001-DEPT-PEX-kpi_001-20260623,IMB-B891715F,False,False,Incomplete
DPKG-PKG-EP-HOSP-001-DEPT-PEX-kpi_001-20260710,IMB-D057EAE6,True,False,Complete
DPKG-PKG-EP-HOSP-001-DEPT-PEX-kpi_001-20260727,IMB-23C00AEC,False,False,Incomplete
DPKG-PKG-EP-HOSP-001-DEPT-PEX-kpi_001-20260813,IMB-5A6E4713,False,False,Incomplete
DPKG-PKG-EP-HOSP-001-DEPT-PEX-kpi_001-20260915,IMB-B43D0E86,True,False,Complete
DPKG-PKG-EP-HOSP-001-DEPT-PEX-kpi_001-20261024,IMB-C401C8A4,False,False,Incomplete
DPKG-PKG-EP-HOSP-001-DEPT-PEX-kpi_001-20261110,IMB-C1223CB4,False,False,Incomplete
DPKG-PKG-EP-HOSP-001-DEPT-PEX-kpi_001-20261229,IMB-62B3BEC9,False,False,Incomplete
DPKG-PKG-EP-HOSP-001-DEPT-PEX-kpi_002-20260103,IMB-F98C3B1A,False,False,Incomplete
DPKG-PKG-EP-HOSP-001-DEPT-PEX-kpi_002-20260209,IMB-BCEAEA0F,True,False,Complete
DPKG-PKG-EP-HOSP-001-DEPT-PEX-kpi_002-20260221,IMB-29DA0441,False,False,Incomplete
DPKG-PKG-EP-HOSP-001-DEPT-PEX-kpi_002-20260302,IMB-2260F12B,True,False,Complete
DPKG-PKG-EP-HOSP-001-DEPT-PEX-kpi_002-20260328,IMB-51EE0234,False,False,Incomplete
DPKG-PKG-EP-HOSP-001-DEPT-PEX-kpi_002-20260406,IMB-F823ED18,True,False,Complete
DPKG-PKG-EP-HOSP-001-DEPT-PEX-kpi_002-20260416,IMB-FC4A86D5,False,False,Incomplete
DPKG-PKG-EP-HOSP-001-DEPT-PEX-kpi_002-20260424,IMB-F7E0CD5B,False,False,Incomplete
DPKG-PKG-EP-HOSP-001-DEPT-PEX-kpi_002-20260430,IMB-46B596F0,False,False,Incomplete
DPKG-PKG-EP-HOSP-001-DEPT-PEX-kpi_002-20260519,IMB-B153EAEC,True,False,Complete
DPKG-PKG-EP-HOSP-001-DEPT-PEX-kpi_002-20260529,IMB-1D017F60,False,False,Incomplete
DPKG-PKG-EP-HOSP-001-DEPT-PEX-kpi_002-20260603,IMB-1F247173,False,False,Incomplete
DPKG-PKG-EP-HOSP-001-DEPT-PEX-kpi_002-20260613,IMB-7A5A568B,True,False,Complete
DPKG-PKG-EP-HOSP-001-DEPT-PEX-kpi_002-20260704,IMB-9A7B75E9,False,False,Incomplete
DPKG-PKG-EP-HOSP-001-DEPT-PEX-kpi_002-20260708,IMB-2207CA95,False,False,Incomplete
DPKG-PKG-EP-HOSP-001-DEPT-PEX-kpi_002-20260719,IMB-919D58F4,False,False,Incomplete
DPKG-PKG-EP-HOSP-001-DEPT-PEX-kpi_002-20260728,IMB-2EC732D3,True,False,Complete
DPKG-PKG-EP-HOSP-001-DEPT-PEX-kpi_002-20260911,IMB-5A25FB5E,False,False,Incomplete
DPKG-PKG-EP-HOSP-001-DEPT-PEX-kpi_002-20260925,IMB-C9EC0273,False,False,Incomplete
DPKG-PKG-EP-HOSP-001-DEPT-PEX-kpi_002-20261010,IMB-9EE286A6,False,False,Incomplete
DPKG-PKG-EP-HOSP-001-DEPT-PEX-kpi_002-20261018,IMB-DECBBCBA,False,False,Incomplete
DPKG-PKG-EP-HOSP-001-DEPT-PEX-kpi_002-20261025,IMB-E052EAC5,False,False,Incomplete
DPKG-PKG-EP-HOSP-001-DEPT-PEX-kpi_002-20261104,IMB-A8DD9275,False,False,Incomplete
DPKG-PKG-EP-HOSP-001-DEPT-PEX-kpi_002-20261214,IMB-0DAA603C,False,False,Incomplete
DPKG-PKG-EP-HOSP-001-DEPT-PEX-kpi_006-20260121,IMB-B61916EB,False,False,Incomplete
DPKG-PKG-EP-HOSP-001-DEPT-PEX-kpi_006-20260202,IMB-C7EB2C4D,False,False,Incomplete
DPKG-PKG-EP-HOSP-001-DEPT-PEX-kpi_006-20260215,IMB-DEF42196,False,False,Incomplete
DPKG-PKG-EP-HOSP-001-DEPT-PEX-kpi_006-20260301,IMB-0F75E8A3,False,False,Incomplete
DPKG-PKG-EP-HOSP-001-DEPT-PEX-kpi_006-20260306,IMB-19AE68D0,False,False,Incomplete
DPKG-PKG-EP-HOSP-001-DEPT-PEX-kpi_006-20260314,IMB-49E16A72,False,False,Incomplete
DPKG-PKG-EP-HOSP-001-DEPT-PEX-kpi_006-20260321,IMB-14DA5FA1,False,False,Incomplete
DPKG-PKG-EP-HOSP-001-DEPT-PEX-kpi_006-20260401,IMB-D007BBEA,False,False,Incomplete
DPKG-PKG-EP-HOSP-001-DEPT-PEX-kpi_006-20260417,IMB-8C7D2658,False,False,Incomplete
DPKG-PKG-EP-HOSP-001-DEPT-PEX-kpi_006-20260422,IMB-99B2787D,False,False,Incomplete
DPKG-PKG-EP-HOSP-001-DEPT-PEX-kpi_006-20260427,IMB-4A9317D1,False,False,Incomplete
DPKG-PKG-EP-HOSP-001-DEPT-PEX-kpi_006-20260506,IMB-0CCDF8E3,False,False,Incomplete
DPKG-PKG-EP-HOSP-001-DEPT-PEX-kpi_006-20260522,IMB-E4BECDCF,False,False,Incomplete
DPKG-PKG-EP-HOSP-001-DEPT-PEX-kpi_006-20260604,IMB-7B2710AE,False,False,Incomplete
DPKG-PKG-EP-HOSP-001-DEPT-PEX-kpi_006-20260609,IMB-E3BF1A90,False,False,Incomplete
DPKG-PKG-EP-HOSP-001-DEPT-PEX-kpi_006-20260702,IMB-A10C4340,False,False,Incomplete
DPKG-PKG-EP-HOSP-001-DEPT-PEX-kpi_006-20260805,IMB-8D0EBE98,False,False,Incomplete
DPKG-PKG-EP-HOSP-001-DEPT-PEX-kpi_006-20260811,IMB-C270F775,False,False,Incomplete
DPKG-PKG-EP-HOSP-001-DEPT-PEX-kpi_006-20260823,IMB-21BAE1F6,False,False,Incomplete
DPKG-PKG-EP-HOSP-001-DEPT-PEX-kpi_006-20261003,IMB-704E3A6B,False,False,Incomplete
DPKG-PKG-EP-HOSP-001-DEPT-PEX-kpi_006-20261028,IMB-13971398,False,False,Incomplete
DPKG-PKG-EP-HOSP-001-DEPT-PEX-kpi_006-20261231,IMB-D09F9D92,False,False,Incomplete
DPKG-PKG-EP-HOSP-001-DEPT-SURG-kpi_001-20260127,IMB-38083043,False,False,Incomplete
DPKG-PKG-EP-HOSP-001-DEPT-SURG-kpi_001-20260131,IMB-B72E9A7C,False,False,Incomplete
DPKG-PKG-EP-HOSP-001-DEPT-SURG-kpi_001-20260209,IMB-39EBEF14,False,False,Incomplete
DPKG-PKG-EP-HOSP-001-DEPT-SURG-kpi_001-20260301,IMB-4EBA6A1A,False,False,Incomplete
DPKG-PKG-EP-HOSP-001-DEPT-SURG-kpi_001-20260305,IMB-1C93F6E5,True,False,Complete
DPKG-PKG-EP-HOSP-001-DEPT-SURG-kpi_001-20260311,IMB-DF301168,False,False,Incomplete
DPKG-PKG-EP-HOSP-001-DEPT-SURG-kpi_001-20260401,IMB-5544B70E,False,False,Incomplete
DPKG-PKG-EP-HOSP-001-DEPT-SURG-kpi_001-20260411,IMB-EE54FB27,False,False,Incomplete
DPKG-PKG-EP-HOSP-001-DEPT-SURG-kpi_001-20260415,IMB-70C4774D,False,False,Incomplete
DPKG-PKG-EP-HOSP-001-DEPT-SURG-kpi_001-20260429,IMB-EE94CFFD,False,False,Incomplete
DPKG-PKG-EP-HOSP-001-DEPT-SURG-kpi_001-20260504,IMB-A97FA1DE,False,False,Incomplete
DPKG-PKG-EP-HOSP-001-DEPT-SURG-kpi_001-20260517,IMB-6F9B99A9,False,False,Incomplete
DPKG-PKG-EP-HOSP-001-DEPT-SURG-kpi_001-20260521,IMB-A20EC2B8,False,False,Incomplete
DPKG-PKG-EP-HOSP-001-DEPT-SURG-kpi_001-20260529,IMB-FD00CEA9,False,False,Incomplete
DPKG-PKG-EP-HOSP-001-DEPT-SURG-kpi_001-20260606,IMB-AA67F2B5,False,False,Incomplete
DPKG-PKG-EP-HOSP-001-DEPT-SURG-kpi_001-20260613,IMB-2334E7D5,False,False,Incomplete
DPKG-PKG-EP-HOSP-001-DEPT-SURG-kpi_001-20260618,IMB-3605BFA0,False,False,Incomplete
DPKG-PKG-EP-HOSP-001-DEPT-SURG-kpi_001-20260702,IMB-B41D525C,False,False,Incomplete
DPKG-PKG-EP-HOSP-001-DEPT-SURG-kpi_001-20260709,IMB-4C9C05A5,False,False,Incomplete
DPKG-PKG-EP-HOSP-001-DEPT-SURG-kpi_001-20260726,IMB-6F627747,False,False,Incomplete
DPKG-PKG-EP-HOSP-001-DEPT-SURG-kpi_001-20260802,IMB-7A39B7B9,False,False,Incomplete
DPKG-PKG-EP-HOSP-001-DEPT-SURG-kpi_001-20260822,IMB-DD152564,False,False,Incomplete
DPKG-PKG-EP-HOSP-001-DEPT-SURG-kpi_001-20260903,IMB-5E7EEE28,False,False,Incomplete
DPKG-PKG-EP-HOSP-001-DEPT-SURG-kpi_001-20260916,IMB-493ECBEF,False,False,Incomplete
DPKG-PKG-EP-HOSP-001-DEPT-SURG-kpi_001-20260929,IMB-D37F561B,False,False,Incomplete
DPKG-PKG-EP-HOSP-001-DEPT-SURG-kpi_001-20261020,IMB-4C3DE157,False,False,Incomplete
DPKG-PKG-EP-HOSP-001-DEPT-SURG-kpi_001-20261026,IMB-850E9522,False,False,Incomplete
DPKG-PKG-EP-HOSP-001-DEPT-SURG-kpi_001-20261111,IMB-F6CF713B,False,False,Incomplete
DPKG-PKG-EP-HOSP-001-DEPT-SURG-kpi_001-20261127,IMB-47564E17,False,False,Incomplete
DPKG-PKG-EP-HOSP-001-DEPT-SURG-kpi_001-20261203,IMB-9C6F7B27,False,False,Incomplete
DPKG-PKG-EP-HOSP-001-DEPT-SURG-kpi_002-20260120,IMB-C01B690C,False,False,Incomplete
DPKG-PKG-EP-HOSP-001-DEPT-SURG-kpi_002-20260125,IMB-9E4CA3AE,False,False,Incomplete
DPKG-PKG-EP-HOSP-001-DEPT-SURG-kpi_002-20260214,IMB-E83A65A3,True,False,Complete
DPKG-PKG-EP-HOSP-001-DEPT-SURG-kpi_002-20260226,IMB-43AE7423,False,False,Incomplete
DPKG-PKG-EP-HOSP-001-DEPT-SURG-kpi_002-20260304,IMB-8122725A,True,False,Complete
DPKG-PKG-EP-HOSP-001-DEPT-SURG-kpi_002-20260314,IMB-24431709,False,False,Incomplete
DPKG-PKG-EP-HOSP-001-DEPT-SURG-kpi_002-20260319,IMB-CF644B2D,False,False,Incomplete
DPKG-PKG-EP-HOSP-001-DEPT-SURG-kpi_002-20260422,IMB-9A563F16,False,False,Incomplete
DPKG-PKG-EP-HOSP-001-DEPT-SURG-kpi_002-20260502,IMB-2B7E0C28,False,False,Incomplete
DPKG-PKG-EP-HOSP-001-DEPT-SURG-kpi_002-20260509,IMB-25673786,True,False,Complete
DPKG-PKG-EP-HOSP-001-DEPT-SURG-kpi_002-20260602,IMB-824FD581,False,False,Incomplete
DPKG-PKG-EP-HOSP-001-DEPT-SURG-kpi_002-20260621,IMB-FEB0D3F0,False,False,Incomplete
DPKG-PKG-EP-HOSP-001-DEPT-SURG-kpi_002-20260704,IMB-A99249FB,False,False,Incomplete
DPKG-PKG-EP-HOSP-001-DEPT-SURG-kpi_002-20260724,IMB-9C7E6060,False,False,Incomplete
DPKG-PKG-EP-HOSP-001-DEPT-SURG-kpi_002-20260824,IMB-D24AABFA,False,False,Incomplete
DPKG-PKG-EP-HOSP-001-DEPT-SURG-kpi_002-20260908,IMB-5F092CDC,True,False,Complete
DPKG-PKG-EP-HOSP-001-DEPT-SURG-kpi_002-20260912,IMB-821A8D96,False,False,Incomplete
DPKG-PKG-EP-HOSP-001-DEPT-SURG-kpi_002-20261004,IMB-300F2670,True,False,Complete
DPKG-PKG-EP-HOSP-001-DEPT-SURG-kpi_002-20261018,IMB-817F1E61,True,False,Complete
DPKG-PKG-EP-HOSP-001-DEPT-SURG-kpi_002-20261030,IMB-99CB09FD,True,False,Complete
DPKG-PKG-EP-HOSP-001-DEPT-SURG-kpi_002-20261219,IMB-6C1FBE0B,False,False,Incomplete
DPKG-PKG-EP-HOSP-001-DEPT-SURG-kpi_002-20261230,IMB-011F0FD8,False,False,Incomplete
DPKG-PKG-EP-HOSP-001-DEPT-SURG-kpi_003-20260407,IMB-4DAFB72C,False,False,Incomplete
DPKG-PKG-EP-HOSP-001-DEPT-SURG-kpi_003-20260516,IMB-C3651C87,False,False,Incomplete
DPKG-PKG-EP-HOSP-001-DEPT-SURG-kpi_003-20260526,IMB-7C992E13,False,False,Incomplete
DPKG-PKG-EP-HOSP-001-DEPT-SURG-kpi_003-20260530,IMB-DE8CAE57,False,False,Incomplete
DPKG-PKG-EP-HOSP-001-DEPT-SURG-kpi_003-20260604,IMB-1EE81D52,False,False,Incomplete
DPKG-PKG-EP-HOSP-001-DEPT-SURG-kpi_003-20260608,IMB-4652D90D,False,False,Incomplete
DPKG-PKG-EP-HOSP-001-DEPT-SURG-kpi_003-20260623,IMB-4E556BA3,False,False,Incomplete
DPKG-PKG-EP-HOSP-001-DEPT-SURG-kpi_003-20260627,IMB-9019ECDB,False,False,Incomplete
DPKG-PKG-EP-HOSP-001-DEPT-SURG-kpi_003-20260708,IMB-FCF9325A,False,False,Incomplete
DPKG-PKG-EP-HOSP-001-DEPT-SURG-kpi_003-20260714,IMB-714D4F4E,False,False,Incomplete
DPKG-PKG-EP-HOSP-001-DEPT-SURG-kpi_003-20260730,IMB-D4D27EA4,False,False,Incomplete
DPKG-PKG-EP-HOSP-001-DEPT-SURG-kpi_006-20260217,IMB-1DB119D2,False,False,Incomplete
DPKG-PKG-EP-HOSP-001-DEPT-SURG-kpi_006-20260223,IMB-88F660B3,False,False,Incomplete
DPKG-PKG-EP-HOSP-001-DEPT-SURG-kpi_006-20260414,IMB-29DC7418,False,False,Incomplete
DPKG-PKG-EP-HOSP-001-DEPT-SURG-kpi_006-20260428,IMB-1F38C247,False,False,Incomplete
DPKG-PKG-EP-HOSP-001-DEPT-SURG-kpi_006-20260609,IMB-AC4C0B5E,False,False,Incomplete
DPKG-PKG-EP-HOSP-001-DEPT-SURG-kpi_006-20260701,IMB-7E93BD04,False,False,Incomplete
DPKG-PKG-EP-HOSP-001-DEPT-SURG-kpi_006-20260705,IMB-F3B08CAA,False,False,Incomplete
DPKG-PKG-EP-HOSP-001-DEPT-SURG-kpi_006-20260727,IMB-693FAE9C,False,False,Incomplete
DPKG-PKG-EP-HOSP-001-DEPT-SURG-kpi_006-20260731,IMB-53E17EB9,False,False,Incomplete
DPKG-PKG-EP-HOSP-001-DEPT-SURG-kpi_006-20260814,IMB-0A01F4D7,False,False,Incomplete
DPKG-PKG-EP-HOSP-001-DEPT-SURG-kpi_006-20260906,IMB-C4231D7F,False,False,Incomplete
DPKG-PKG-EP-HOSP-001-DEPT-SURG-kpi_006-20260914,IMB-0FC7F4F6,False,False,Incomplete
DPKG-PKG-EP-HOSP-001-DEPT-SURG-kpi_006-20260927,IMB-7939189A,False,False,Incomplete
DPKG-PKG-EP-HOSP-001-DEPT-SURG-kpi_006-20261005,IMB-84A5A846,False,False,Incomplete
DPKG-PKG-EP-HOSP-001-DEPT-SURG-kpi_006-20261009,IMB-23A28C2A,False,False,Incomplete
DPKG-PKG-EP-HOSP-001-DEPT-SURG-kpi_006-20261105,IMB-58ED2471,False,False,Incomplete
DPKG-PKG-EP-HOSP-001-DEPT-SURG-kpi_006-20261117,IMB-3F7D5C7E,False,False,Incomplete
DPKG-PKG-EP-HOSP-001-DEPT-SURG-kpi_006-20261121,IMB-5DCC1A6E,False,False,Incomplete
DPKG-PKG-EP-HOSP-001-DEPT-SURG-kpi_006-20261202,IMB-FF8C3E75,False,False,Incomplete
DPKG-PKG-EP-HOSP-001-DEPT-SURG-kpi_006-20261208,IMB-A01F9AFE,False,False,Incomplete
DPKG-PKG-EP-HOSP-001-DEPT-SURG-kpi_006-20261214,IMB-9F81A7DA,False,False,Incomplete
DPKG-PKG-EP-HOSP-001-DEPT-SURG-kpi_006-20261226,IMB-717ECEE5,False,False,Incomplete
